,sep,sep2,dT,peak,mult
0, 1_45, 1_45, 0.0, 12127.9726, 324, 80.4105299904, 80.4105299904
1, 0_99, 0_99, 0.0, 12127.9726, 225, 125.876500322, 125.876500322
2, 0_67, 0_67, 0.0, 12127.9726, 25, 130.858142022, 130.858142022
3, 0_66, 0_66, 0.0, 12127.9726, 36, 124.171548002, 124.171548002
4, 0_61, 0_61, 0.0, 12127.9726, 400, 83.0191142649, 83.0191142649
5, 0_60, 0_60, 0.0, 12127.9726, 441, 80.4105299904, 80.4105299904
6, 0_63, 0_63, 0.0, 12127.9726, 225, 94.9935436403, 94.9935436403
7, 0_62, 0_62, 0.0, 12127.9726, 324, 88.0046210908, 88.0046210908
8, 0_120, 0_120, 0.0, 12127.9726, 4, 167.95289022, 167.95289022
9, 26_42, 26_42, 0.0, 12127.9726, 121, 80.4105299904, 80.4105299904
10, 0_68, 0_68, 0.0, 12127.9726, 16, 143.298336813, 143.298336813
11, 26_121, 26_121, 0.0, 12127.9726, 25, 115.883907425, 115.883907425
12, 31_41, 31_41, 0.0, 12127.9726, 25, 22.3018683821, 22.3018683821
13, 23_70, 23_70, 0.0, 12127.9726, 25, 169.2172962, 169.2172962
14, 10_14, 10_14, 0.0, 12127.9726, 9, 65.8350463912, 65.8350463912
15, 3_24, 3_24, 0.0, 12127.9726, 144, 72.0200897898, 72.0200897898
16, 3_22, 3_22, 0.0, 12127.9726, 64, 55.2747078991, 55.2747078991
17, 0_64, 0_64, 0.0, 12127.9726, 144, 103.581143715, 103.581143715
18, 0_65, 0_65, 0.0, 12127.9726, 81, 113.404820591, 113.404820591
19, 0_122, 0_122, 0.0, 12127.9726, 36, 156.113078675, 156.113078675
20, 0_93, 0_93, 0.0, 12127.9726, 9, 151.961617961, 151.961617961
21, 3_54, 3_54, 0.0, 12127.9726, 64, 83.0191142649, 83.0191142649
22, 3_57, 3_57, 0.0, 12127.9726, 121, 113.404820591, 113.404820591
23, 30_113, 30_113, 0.0, 12127.9726, 4, 133.811210293, 133.811210293
24, 0_90, 0_90, 0.0, 12127.9726, 144, 124.171548002, 124.171548002
25, 0_91, 0_91, 0.0, 12127.9726, 81, 132.477067198, 132.477067198
26, 0_92, 0_92, 0.0, 12127.9726, 36, 141.803008901, 141.803008901
27, 0_94, 0_94, 0.0, 12127.9726, 324, 121.569294369, 121.569294369
28, 4_34, 4_34, 0.0, 12127.9726, 81, 97.2115905298, 97.2115905298
29, 0_95, 0_95, 0.0, 12127.9726, 400, 118.910106103, 118.910106103
30, 0_96, 0_96, 0.0, 12127.9726, 441, 118.010395022, 118.010395022
31, 0_97, 0_97, 0.0, 12127.9726, 441, 118.910106103, 118.910106103
32, 14_70, 14_70, 0.0, 12127.9726, 36, 168.586278603, 168.586278603
33, 29_113, 29_113, 0.0, 12127.9726, 16, 124.742454682, 124.742454682
34, 4_31, 4_31, 0.0, 12127.9726, 36, 44.6037367642, 44.6037367642
35, 5_104, 5_104, 0.0, 12127.9726, 9, 161.482424224, 161.482424224
36, 70_93, 70_93, 0.0, 12127.9726, 1, 153.820544792, 153.820544792
37, 27_42, 27_42, 0.0, 12127.9726, 121, 65.8350463912, 65.8350463912
38, 0_21, 0_21, 0.0, 12127.9726, 1369, 77.2559382831, 77.2559382831
39, 45_80, 45_80, 0.0, 12127.9726, 36, 133.811210293, 133.811210293
40, 4_70, 4_70, 0.0, 12127.9726, 36, 137.993816287, 137.993816287
41, 0_29, 0_29, 0.0, 12127.9726, 121, 72.0200897898, 72.0200897898
42, 0_28, 0_28, 0.0, 12127.9726, 169, 60.7846471844, 60.7846471844
43, 14_78, 14_78, 0.0, 12127.9726, 144, 89.2074735285, 89.2074735285
44, 14_79, 14_79, 0.0, 12127.9726, 81, 85.5481930454, 85.5481930454
45, 0_20, 0_20, 0.0, 12127.9726, 2116, 63.6399245757, 63.6399245757
46, 1_22, 1_22, 0.0, 12127.9726, 64, 83.0191142649, 83.0191142649
47, 0_23, 0_23, 0.0, 12127.9726, 36, 111.509341911, 111.509341911
48, 0_22, 0_22, 0.0, 12127.9726, 64, 97.2115905298, 97.2115905298
49, 0_25, 0_25, 0.0, 12127.9726, 400, 42.1465696508, 42.1465696508
50, 0_24, 0_24, 0.0, 12127.9726, 441, 44.6037367642, 44.6037367642
51, 0_27, 0_27, 0.0, 12127.9726, 225, 51.2735149305, 51.2735149305
52, 0_26, 0_26, 0.0, 12127.9726, 324, 44.6037367642, 44.6037367642
53, 12_14, 12_14, 0.0, 12127.9726, 9, 36.742527585, 36.742527585
54, 1_24, 1_24, 0.0, 12127.9726, 324, 51.2735149305, 51.2735149305
55, 56_70, 56_70, 0.0, 12127.9726, 4, 178.414947057, 178.414947057
56, 7_53, 7_53, 0.0, 12127.9726, 9, 109.581081092, 109.581081092
57, 2_22, 2_22, 0.0, 12127.9726, 64, 68.9969081433, 68.9969081433
58, 30_94, 30_94, 0.0, 12127.9726, 16, 127.279849151, 127.279849151
59, 27_113, 27_113, 0.0, 12127.9726, 64, 110.227582755, 110.227582755
60, 14_71, 14_71, 0.0, 12127.9726, 121, 156.113078675, 156.113078675
61, 7_56, 7_56, 0.0, 12127.9726, 9, 146.243130893, 146.243130893
62, 28_113, 28_113, 0.0, 12127.9726, 36, 116.8, 116.8
63, 1_94, 1_94, 0.0, 12127.9726, 225, 125.876500322, 125.876500322
64, 5_54, 5_54, 0.0, 12127.9726, 9, 65.8350463912, 65.8350463912
65, 6_31, 6_31, 0.0, 12127.9726, 25, 33.7172557207, 33.7172557207
66, 6_34, 6_34, 0.0, 12127.9726, 9, 122.442857421, 122.442857421
67, 2_94, 2_94, 0.0, 12127.9726, 144, 131.670092782, 131.670092782
68, 15_66, 15_66, 0.0, 12127.9726, 1, 122.442857421, 122.442857421
69, 28_83, 28_83, 0.0, 12127.9726, 225, 102.2, 102.2
70, 5_57, 5_57, 0.0, 12127.9726, 25, 135.65696935, 135.65696935
71, 14_75, 14_75, 0.0, 12127.9726, 225, 111.509341911, 111.509341911
72, 0_98, 0_98, 0.0, 12127.9726, 324, 121.569294369, 121.569294369
73, 14_63, 14_63, 0.0, 12127.9726, 289, 88.0046210908, 88.0046210908
74, 14_74, 14_74, 0.0, 12127.9726, 225, 121.569294369, 121.569294369
75, 14_108, 14_108, 0.0, 12127.9726, 36, 138.764020313, 138.764020313
76, 44_57, 44_57, 0.0, 12127.9726, 36, 164.101228921, 164.101228921
77, 26_83, 26_83, 0.0, 12127.9726, 625, 81.2893596973, 81.2893596973
78, 27_70, 27_70, 0.0, 12127.9726, 576, 88.8083329424, 88.8083329424
79, 14_87, 14_87, 0.0, 12127.9726, 144, 125.876500322, 125.876500322
80, 14_86, 14_86, 0.0, 12127.9726, 144, 135.65696935, 135.65696935
81, 14_85, 14_85, 0.0, 12127.9726, 144, 146.243130893, 146.243130893
82, 14_84, 14_84, 0.0, 12127.9726, 81, 157.472579624, 157.472579624
83, 23_34, 23_34, 0.0, 12127.9726, 196, 135.65696935, 135.65696935
84, 14_83, 14_83, 0.0, 12127.9726, 25, 169.2172962, 169.2172962
85, 0_15, 0_15, 0.0, 12127.9726, 6084, 29.2, 29.2
86, 0_16, 0_16, 0.0, 12127.9726, 6889, 25.2879417905, 25.2879417905
87, 30_31, 30_31, 0.0, 12127.9726, 25, 16.8586278603, 16.8586278603
88, 14_80, 14_80, 0.0, 12127.9726, 36, 84.2931393017, 84.2931393017
89, 22_53, 22_53, 0.0, 12127.9726, 64, 46.9324337035, 46.9324337035
90, 14_109, 14_109, 0.0, 12127.9726, 36, 132.477067198, 132.477067198
91, 14_106, 14_106, 0.0, 12127.9726, 36, 154.74163413, 154.74163413
92, 14_107, 14_107, 0.0, 12127.9726, 36, 146.243130893, 146.243130893
93, 3_15, 3_15, 0.0, 12127.9726, 2116, 63.6399245757, 63.6399245757
94, 45_69, 45_69, 0.0, 12127.9726, 4, 167.95289022, 167.95289022
95, 29_70, 29_70, 0.0, 12127.9726, 144, 114.029645268, 114.029645268
96, 24_56, 24_56, 0.0, 12127.9726, 25, 146.97011034, 146.97011034
97, 45_66, 45_66, 0.0, 12127.9726, 81, 124.742454682, 124.742454682
98, 28_57, 28_57, 0.0, 12127.9726, 676, 88.8083329424, 88.8083329424
99, 1_7, 1_7, 0.0, 12127.9726, 7396, 25.2879417905, 25.2879417905
100, 3_14, 3_14, 0.0, 12127.9726, 36, 59.0051975112, 59.0051975112
101, 14_104, 14_104, 0.0, 12127.9726, 9, 174.183160304, 174.183160304
102, 6_94, 6_94, 0.0, 12127.9726, 1, 166.03822853, 166.03822853
103, 14_101, 14_101, 0.0, 12127.9726, 64, 113.404820591, 113.404820591
104, 14_100, 14_100, 0.0, 12127.9726, 81, 118.010395022, 118.010395022
105, 14_103, 14_103, 0.0, 12127.9726, 9, 109.581081092, 109.581081092
106, 14_102, 14_102, 0.0, 12127.9726, 36, 110.549415798, 110.549415798
107, 14_105, 14_105, 0.0, 12127.9726, 25, 164.101228921, 164.101228921
108, 0_37, 0_37, 0.0, 12127.9726, 324, 59.0051975112, 59.0051975112
109, 22_56, 22_56, 0.0, 12127.9726, 2916, 52.6410486218, 52.6410486218
110, 4_121, 4_121, 0.0, 12127.9726, 9, 169.2172962, 169.2172962
111, 14_29, 14_29, 0.0, 12127.9726, 289, 55.2747078991, 55.2747078991
112, 14_20, 14_20, 0.0, 12127.9726, 25, 46.9324337035, 46.9324337035
113, 6_15, 6_15, 0.0, 12127.9726, 361, 105.282097244, 105.282097244
114, 14_25, 14_25, 0.0, 12127.9726, 289, 107.618276019, 107.618276019
115, 14_24, 14_24, 0.0, 12127.9726, 289, 121.569294369, 121.569294369
116, 14_27, 14_27, 0.0, 12127.9726, 289, 80.4105299904, 80.4105299904
117, 14_26, 14_26, 0.0, 12127.9726, 289, 93.864867407, 93.864867407
118, 14_28, 14_28, 0.0, 12127.9726, 289, 67.4345114413, 67.4345114413
119, 30_42, 30_42, 0.0, 12127.9726, 16, 22.3018683821, 22.3018683821
120, 5_15, 5_15, 0.0, 12127.9726, 784, 91.1769707766, 91.1769707766
121, 5_14, 5_14, 0.0, 12127.9726, 25, 30.3923235922, 30.3923235922
122, 28_104, 28_104, 0.0, 12127.9726, 81, 110.227582755, 110.227582755
123, 14_76, 14_76, 0.0, 12127.9726, 225, 102.547029861, 102.547029861
124, 14_77, 14_77, 0.0, 12127.9726, 196, 94.9935436403, 94.9935436403
125, 29_31, 29_31, 0.0, 12127.9726, 100, 30.3923235922, 30.3923235922
126, 14_21, 14_21, 0.0, 12127.9726, 36, 33.7172557207, 33.7172557207
127, 3_104, 3_104, 0.0, 12127.9726, 81, 146.243130893, 146.243130893
128, 34_41, 34_41, 0.0, 12127.9726, 400, 102.2, 102.2
129, 24_57, 24_57, 0.0, 12127.9726, 2916, 43.8, 43.8
130, 1_67, 1_67, 0.0, 12127.9726, 25, 118.910106103, 118.910106103
131, 25_70, 25_70, 0.0, 12127.9726, 1296, 66.9056051464, 66.9056051464
132, 57_80, 57_80, 0.0, 12127.9726, 16, 139.275123407, 139.275123407
133, 4_113, 4_113, 0.0, 12127.9726, 25, 160.821059981, 160.821059981
134, 5_81, 5_81, 0.0, 12127.9726, 4, 94.9935436403, 94.9935436403
135, 5_83, 5_83, 0.0, 12127.9726, 9, 151.961617961, 151.961617961
136, 15_30, 15_30, 0.0, 12127.9726, 81, 89.2074735285, 89.2074735285
137, 6_70, 6_70, 0.0, 12127.9726, 1, 160.821059981, 160.821059981
138, 15_33, 15_33, 0.0, 12127.9726, 1, 131.670092782, 131.670092782
139, 24_54, 24_54, 0.0, 12127.9726, 64, 118.010395022, 118.010395022
140, 24_53, 24_53, 0.0, 12127.9726, 400, 105.282097244, 105.282097244
141, 24_52, 24_52, 0.0, 12127.9726, 784, 91.1769707766, 91.1769707766
142, 2_70, 2_70, 0.0, 12127.9726, 144, 118.010395022, 118.010395022
143, 7_93, 7_93, 0.0, 12127.9726, 4, 149.129786875, 149.129786875
144, 29_42, 29_42, 0.0, 12127.9726, 64, 36.742527585, 36.742527585
145, 57_69, 57_69, 0.0, 12127.9726, 4, 175.402660565, 175.402660565
146, 57_66, 57_66, 0.0, 12127.9726, 36, 131.4, 131.4
147, 4_7, 4_7, 0.0, 12127.9726, 2304, 66.9056051464, 66.9056051464
148, 0_87, 0_87, 0.0, 12127.9726, 441, 107.618276019, 107.618276019
149, 0_86, 0_86, 0.0, 12127.9726, 441, 105.619000816, 105.619000816
150, 0_85, 0_85, 0.0, 12127.9726, 441, 105.619000816, 105.619000816
151, 0_84, 0_84, 0.0, 12127.9726, 400, 107.618276019, 107.618276019
152, 16_24, 16_24, 0.0, 12127.9726, 36, 22.3018683821, 22.3018683821
153, 14_122, 14_122, 0.0, 12127.9726, 1, 175.402660565, 175.402660565
154, 29_104, 29_104, 0.0, 12127.9726, 36, 119.506150469, 119.506150469
155, 34_93, 34_93, 0.0, 12127.9726, 16, 140.79730111, 140.79730111
156, 0_10, 0_10, 0.0, 12127.9726, 5184, 38.6279691415, 38.6279691415
157, 0_11, 0_11, 0.0, 12127.9726, 3364, 52.6410486218, 52.6410486218
158, 0_12, 0_12, 0.0, 12127.9726, 2209, 66.9056051464, 66.9056051464
159, 0_13, 0_13, 0.0, 12127.9726, 1296, 81.2893596973, 81.2893596973
160, 0_14, 0_14, 0.0, 12127.9726, 36, 102.547029861, 102.547029861
161, 14_82, 14_82, 0.0, 12127.9726, 841, 81.2893596973, 81.2893596973
162, 14_81, 14_81, 0.0, 12127.9726, 961, 77.2559382831, 77.2559382831
163, 0_80, 0_80, 0.0, 12127.9726, 25, 137.993816287, 137.993816287
164, 0_81, 0_81, 0.0, 12127.9726, 4, 144.04017958, 144.04017958
165, 0_82, 0_82, 0.0, 12127.9726, 1, 156.113078675, 156.113078675
166, 25_42, 25_42, 0.0, 12127.9726, 121, 94.9935436403, 94.9935436403
167, 0_104, 0_104, 0.0, 12127.9726, 324, 132.477067198, 132.477067198
168, 0_107, 0_107, 0.0, 12127.9726, 324, 132.477067198, 132.477067198
169, 0_106, 0_106, 0.0, 12127.9726, 441, 130.858142022, 130.858142022
170, 5_22, 5_22, 0.0, 12127.9726, 25, 30.3923235922, 30.3923235922
171, 5_24, 5_24, 0.0, 12127.9726, 36, 97.2115905298, 97.2115905298
172, 66_70, 66_70, 0.0, 12127.9726, 9, 139.275123407, 139.275123407
173, 24_31, 24_31, 0.0, 12127.9726, 196, 102.547029861, 102.547029861
174, 0_83, 0_83, 0.0, 12127.9726, 324, 111.509341911, 111.509341911
175, 24_33, 24_33, 0.0, 12127.9726, 121, 131.670092782, 131.670092782
176, 24_32, 24_32, 0.0, 12127.9726, 169, 117.103771644, 117.103771644
177, 4_24, 4_24, 0.0, 12127.9726, 81, 84.2931393017, 84.2931393017
178, 0_89, 0_89, 0.0, 12127.9726, 225, 117.103771644, 117.103771644
179, 0_88, 0_88, 0.0, 12127.9726, 324, 111.509341911, 111.509341911
180, 4_22, 4_22, 0.0, 12127.9726, 49, 42.1465696508, 42.1465696508
181, 0_17, 0_17, 0.0, 12127.9726, 7056, 29.2, 29.2
182, 0_18, 0_18, 0.0, 12127.9726, 4900, 38.6279691415, 38.6279691415
183, 0_19, 0_19, 0.0, 12127.9726, 3249, 50.575883581, 50.575883581
184, 7_26, 7_26, 0.0, 12127.9726, 121, 36.742527585, 36.742527585
185, 2_14, 2_14, 0.0, 12127.9726, 36, 73.48505517, 73.48505517
186, 27_104, 27_104, 0.0, 12127.9726, 144, 102.2, 102.2
187, 4_104, 4_104, 0.0, 12127.9726, 36, 153.357925564, 153.357925564
188, 7_23, 7_23, 0.0, 12127.9726, 9, 117.103771644, 117.103771644
189, 7_24, 7_24, 0.0, 12127.9726, 196, 30.3923235922, 30.3923235922
190, 7_25, 7_25, 0.0, 12127.9726, 169, 30.3923235922, 30.3923235922
191, 7_27, 7_27, 0.0, 12127.9726, 121, 46.9324337035, 46.9324337035
192, 11_24, 11_24, 0.0, 12127.9726, 36, 72.0200897898, 72.0200897898
193, 7_28, 7_28, 0.0, 12127.9726, 121, 59.0051975112, 59.0051975112
194, 7_29, 7_29, 0.0, 12127.9726, 100, 72.0200897898, 72.0200897898
195, 6_22, 6_22, 0.0, 12127.9726, 4, 22.3018683821, 22.3018683821
196, 70_80, 70_80, 0.0, 12127.9726, 4, 146.0, 146.0
197, 6_24, 6_24, 0.0, 12127.9726, 9, 110.549415798, 110.549415798
198, 1_42, 1_42, 0.0, 12127.9726, 81, 92.7224532319, 92.7224532319
199, 33_70, 33_70, 0.0, 12127.9726, 16, 171.096386091, 171.096386091
200, 27_57, 27_57, 0.0, 12127.9726, 1089, 75.8638253715, 75.8638253715
201, 26_70, 26_70, 0.0, 12127.9726, 900, 77.2559382831, 77.2559382831
202, 27_94, 27_94, 0.0, 12127.9726, 256, 95.7386024548, 95.7386024548
203, 14_89, 14_89, 0.0, 12127.9726, 144, 109.581081092, 109.581081092
204, 14_88, 14_88, 0.0, 12127.9726, 144, 117.103771644, 117.103771644
205, 0_36, 0_36, 0.0, 12127.9726, 400, 55.2747078991, 55.2747078991
206, 9_14, 9_14, 0.0, 12127.9726, 9, 80.4105299904, 80.4105299904
207, 0_34, 0_34, 0.0, 12127.9726, 441, 59.0051975112, 59.0051975112
208, 0_35, 0_35, 0.0, 12127.9726, 441, 55.2747078991, 55.2747078991
209, 14_61, 14_61, 0.0, 12127.9726, 289, 107.618276019, 107.618276019
210, 14_62, 14_62, 0.0, 12127.9726, 289, 97.2115905298, 97.2115905298
211, 22_30, 22_30, 0.0, 12127.9726, 121, 30.3923235922, 30.3923235922
212, 0_33, 0_33, 0.0, 12127.9726, 36, 121.569294369, 121.569294369
213, 3_34, 3_34, 0.0, 12127.9726, 144, 85.5481930454, 85.5481930454
214, 0_30, 0_30, 0.0, 12127.9726, 64, 84.2931393017, 84.2931393017
215, 3_31, 3_31, 0.0, 12127.9726, 64, 55.2747078991, 55.2747078991
216, 1_113, 1_113, 0.0, 12127.9726, 121, 146.243130893, 146.243130893
217, 0_105, 0_105, 0.0, 12127.9726, 400, 130.858142022, 130.858142022
218, 14_39, 14_39, 0.0, 12127.9726, 289, 68.9969081433, 68.9969081433
219, 14_38, 14_38, 0.0, 12127.9726, 289, 80.4105299904, 80.4105299904
220, 24_105, 24_105, 0.0, 12127.9726, 484, 88.8083329424, 88.8083329424
221, 0_52, 0_52, 0.0, 12127.9726, 81, 99.3801455691, 99.3801455691
222, 0_53, 0_53, 0.0, 12127.9726, 36, 110.549415798, 110.549415798
223, 10_24, 10_24, 0.0, 12127.9726, 64, 59.0051975112, 59.0051975112
224, 24_108, 24_108, 0.0, 12127.9726, 225, 102.2, 102.2
225, 24_109, 24_109, 0.0, 12127.9726, 144, 110.227582755, 110.227582755
226, 24_104, 24_104, 0.0, 12127.9726, 441, 88.8083329424, 88.8083329424
227, 24_106, 24_106, 0.0, 12127.9726, 441, 91.1769707766, 91.1769707766
228, 0_50, 0_50, 0.0, 12127.9726, 225, 80.4105299904, 80.4105299904
229, 24_107, 24_107, 0.0, 12127.9726, 324, 95.7386024548, 95.7386024548
230, 24_100, 24_100, 0.0, 12127.9726, 256, 105.282097244, 105.282097244
231, 24_101, 24_101, 0.0, 12127.9726, 144, 115.883907425, 115.883907425
232, 24_102, 24_102, 0.0, 12127.9726, 64, 127.279849151, 127.279849151
233, 24_103, 24_103, 0.0, 12127.9726, 16, 139.275123407, 139.275123407
234, 23_45, 23_45, 0.0, 12127.9726, 196, 146.243130893, 146.243130893
235, 0_51, 0_51, 0.0, 12127.9726, 144, 89.2074735285, 89.2074735285
236, 0_57, 0_57, 0.0, 12127.9726, 400, 88.0046210908, 88.0046210908
237, 7_14, 7_14, 0.0, 12127.9726, 9, 109.581081092, 109.581081092
238, 53_57, 53_57, 0.0, 12127.9726, 64, 124.742454682, 124.742454682
239, 24_62, 24_62, 0.0, 12127.9726, 1936, 63.6399245757, 63.6399245757
240, 41_45, 41_45, 0.0, 12127.9726, 225, 110.227582755, 110.227582755
241, 33_57, 33_57, 0.0, 12127.9726, 64, 160.156964673, 160.156964673
242, 6_121, 6_121, 0.0, 12127.9726, 1, 182.54866018, 182.54866018
243, 6_81, 6_81, 0.0, 12127.9726, 1, 89.2074735285, 89.2074735285
244, 6_83, 6_83, 0.0, 12127.9726, 1, 162.797092521, 162.797092521
245, 3_67, 3_67, 0.0, 12127.9726, 25, 97.2115905298, 97.2115905298
246, 0_56, 0_56, 0.0, 12127.9726, 25, 144.04017958, 144.04017958
247, 69_70, 69_70, 0.0, 12127.9726, 1, 183.712637925, 183.712637925
248, 3_94, 3_94, 0.0, 12127.9726, 81, 138.764020313, 138.764020313
249, 0_58, 0_58, 0.0, 12127.9726, 441, 83.0191142649, 83.0191142649
250, 0_59, 0_59, 0.0, 12127.9726, 441, 80.4105299904, 80.4105299904
251, 0_54, 0_54, 0.0, 12127.9726, 64, 118.010395022, 118.010395022
252, 0_55, 0_55, 0.0, 12127.9726, 49, 130.858142022, 130.858142022
253, 4_94, 4_94, 0.0, 12127.9726, 36, 146.97011034, 146.97011034
254, 22_41, 22_41, 0.0, 12127.9726, 100, 36.742527585, 36.742527585
255, 0_100, 0_100, 0.0, 12127.9726, 144, 131.670092782, 131.670092782
256, 0_108, 0_108, 0.0, 12127.9726, 225, 135.65696935, 135.65696935
257, 33_45, 33_45, 0.0, 12127.9726, 121, 149.842762032, 149.842762032
258, 30_57, 30_57, 0.0, 12127.9726, 144, 115.883907425, 115.883907425
259, 7_66, 7_66, 0.0, 12127.9726, 9, 122.442857421, 122.442857421
260, 28_121, 28_121, 0.0, 12127.9726, 9, 124.742454682, 124.742454682
261, 0_69, 0_69, 0.0, 12127.9726, 4, 156.113078675, 156.113078675
262, 0_109, 0_109, 0.0, 12127.9726, 144, 140.291743639, 140.291743639
263, 14_30, 14_30, 0.0, 12127.9726, 289, 44.6037367642, 44.6037367642
264, 44_45, 44_45, 0.0, 12127.9726, 64, 154.74163413, 154.74163413
265, 1_121, 1_121, 0.0, 12127.9726, 36, 157.472579624, 157.472579624
266, 14_36, 14_36, 0.0, 12127.9726, 289, 105.619000816, 105.619000816
267, 14_37, 14_37, 0.0, 12127.9726, 289, 92.7224532319, 92.7224532319
268, 14_34, 14_34, 0.0, 12127.9726, 289, 132.477067198, 132.477067198
269, 14_35, 14_35, 0.0, 12127.9726, 289, 118.910106103, 118.910106103
270, 0_101, 0_101, 0.0, 12127.9726, 81, 138.764020313, 138.764020313
271, 2_67, 2_67, 0.0, 12127.9726, 25, 107.618276019, 107.618276019
272, 6_67, 6_67, 0.0, 12127.9726, 4, 74.9213810159, 74.9213810159
273, 6_113, 6_113, 0.0, 12127.9726, 1, 176.009242182, 176.009242182
274, 15_28, 15_28, 0.0, 12127.9726, 121, 60.7846471844, 60.7846471844
275, 34_53, 34_53, 0.0, 12127.9726, 256, 110.227582755, 110.227582755
276, 34_56, 34_56, 0.0, 12127.9726, 25, 153.357925564, 153.357925564
277, 27_31, 27_31, 0.0, 12127.9726, 196, 59.0051975112, 59.0051975112
278, 1_70, 1_70, 0.0, 12127.9726, 225, 109.581081092, 109.581081092
279, 28_42, 28_42, 0.0, 12127.9726, 121, 51.2735149305, 51.2735149305
280, 2_15, 2_15, 0.0, 12127.9726, 3025, 50.575883581, 50.575883581
281, 15_29, 15_29, 0.0, 12127.9726, 100, 74.9213810159, 74.9213810159
282, 15_25, 15_25, 0.0, 12127.9726, 36, 22.3018683821, 22.3018683821
283, 24_41, 24_41, 0.0, 12127.9726, 625, 95.7386024548, 95.7386024548
284, 24_42, 24_42, 0.0, 12127.9726, 121, 109.581081092, 109.581081092
285, 24_43, 24_43, 0.0, 12127.9726, 100, 124.171548002, 124.171548002
286, 15_26, 15_26, 0.0, 12127.9726, 64, 33.7172557207, 33.7172557207
287, 15_27, 15_27, 0.0, 12127.9726, 100, 46.9324337035, 46.9324337035
288, 15_24, 15_24, 0.0, 12127.9726, 49, 16.8586278603, 16.8586278603
289, 0_31, 0_31, 0.0, 12127.9726, 81, 93.864867407, 93.864867407
290, 2_24, 2_24, 0.0, 12127.9726, 225, 60.7846471844, 60.7846471844
291, 14_60, 14_60, 0.0, 12127.9726, 289, 118.910106103, 118.910106103
292, 24_110, 24_110, 0.0, 12127.9726, 81, 119.506150469, 119.506150469
293, 3_121, 3_121, 0.0, 12127.9726, 16, 164.101228921, 164.101228921
294, 44_70, 44_70, 0.0, 12127.9726, 9, 174.183160304, 174.183160304
295, 6_57, 6_57, 0.0, 12127.9726, 4, 147.69351148, 147.69351148
296, 6_54, 6_54, 0.0, 12127.9726, 9, 60.7846471844, 60.7846471844
297, 2_57, 2_57, 0.0, 12127.9726, 196, 103.581143715, 103.581143715
298, 2_54, 2_54, 0.0, 12127.9726, 64, 93.864867407, 93.864867407
299, 24_93, 24_93, 0.0, 12127.9726, 25, 139.275123407, 139.275123407
300, 24_92, 24_92, 0.0, 12127.9726, 100, 126.439708953, 126.439708953
301, 24_91, 24_91, 0.0, 12127.9726, 225, 114.029645268, 114.029645268
302, 24_90, 24_90, 0.0, 12127.9726, 400, 102.2, 102.2
303, 24_95, 24_95, 0.0, 12127.9726, 900, 75.8638253715, 75.8638253715
304, 24_94, 24_94, 0.0, 12127.9726, 784, 77.2559382831, 77.2559382831
305, 24_99, 24_99, 0.0, 12127.9726, 400, 95.7386024548, 95.7386024548
306, 24_98, 24_98, 0.0, 12127.9726, 576, 87.6, 87.6
307, 0_118, 0_118, 0.0, 12127.9726, 36, 154.74163413, 154.74163413
308, 2_104, 2_104, 0.0, 12127.9726, 144, 140.291743639, 140.291743639
309, 29_83, 29_83, 0.0, 12127.9726, 100, 114.029645268, 114.029645268
310, 2_113, 2_113, 0.0, 12127.9726, 81, 149.842762032, 149.842762032
311, 23_57, 23_57, 0.0, 12127.9726, 100, 157.472579624, 157.472579624
312, 24_116, 24_116, 0.0, 12127.9726, 100, 110.227582755, 110.227582755
313, 24_115, 24_115, 0.0, 12127.9726, 144, 105.282097244, 105.282097244
314, 24_114, 24_114, 0.0, 12127.9726, 196, 102.2, 102.2
315, 25_121, 25_121, 0.0, 12127.9726, 36, 114.029645268, 114.029645268
316, 5_121, 5_121, 0.0, 12127.9726, 4, 175.402660565, 175.402660565
317, 13_24, 13_24, 0.0, 12127.9726, 4, 99.3801455691, 99.3801455691
318, 14_72, 14_72, 0.0, 12127.9726, 225, 144.04017958, 144.04017958
319, 22_93, 22_93, 0.0, 12127.9726, 4, 85.5481930454, 85.5481930454
320, 4_83, 4_83, 0.0, 12127.9726, 36, 141.803008901, 141.803008901
321, 4_81, 4_81, 0.0, 12127.9726, 4, 102.547029861, 102.547029861
322, 14_73, 14_73, 0.0, 12127.9726, 225, 132.477067198, 132.477067198
323, 34_69, 34_69, 0.0, 12127.9726, 4, 161.482424224, 161.482424224
324, 34_66, 34_66, 0.0, 12127.9726, 144, 119.506150469, 119.506150469
325, 28_31, 28_31, 0.0, 12127.9726, 196, 44.6037367642, 44.6037367642
326, 0_119, 0_119, 0.0, 12127.9726, 16, 160.821059981, 160.821059981
327, 0_112, 0_112, 0.0, 12127.9726, 9, 161.482424224, 161.482424224
328, 0_113, 0_113, 0.0, 12127.9726, 169, 144.04017958, 144.04017958
329, 45_56, 45_56, 0.0, 12127.9726, 25, 160.821059981, 160.821059981
330, 34_80, 34_80, 0.0, 12127.9726, 64, 129.767638493, 129.767638493
331, 14_96, 14_96, 0.0, 12127.9726, 81, 149.842762032, 149.842762032
332, 14_97, 14_97, 0.0, 12127.9726, 81, 140.291743639, 140.291743639
333, 14_98, 14_98, 0.0, 12127.9726, 81, 131.670092782, 131.670092782
334, 14_99, 14_99, 0.0, 12127.9726, 81, 124.171548002, 124.171548002
335, 8_24, 8_24, 0.0, 12127.9726, 144, 36.742527585, 36.742527585
336, 9_24, 9_24, 0.0, 12127.9726, 100, 46.9324337035, 46.9324337035
337, 14_93, 14_93, 0.0, 12127.9726, 9, 97.2115905298, 97.2115905298
338, 45_53, 45_53, 0.0, 12127.9726, 144, 116.8, 116.8
339, 7_69, 7_69, 0.0, 12127.9726, 4, 157.472579624, 157.472579624
340, 26_104, 26_104, 0.0, 12127.9726, 225, 95.7386024548, 95.7386024548
341, 14_95, 14_95, 0.0, 12127.9726, 49, 160.156964673, 160.156964673
342, 14_112, 14_112, 0.0, 12127.9726, 9, 122.442857421, 122.442857421
343, 14_113, 14_113, 0.0, 12127.9726, 4, 178.414947057, 178.414947057
344, 14_94, 14_94, 0.0, 12127.9726, 16, 171.096386091, 171.096386091
345, 14_92, 14_92, 0.0, 12127.9726, 36, 97.2115905298, 97.2115905298
346, 0_110, 0_110, 0.0, 12127.9726, 81, 146.243130893, 146.243130893
347, 5_31, 5_31, 0.0, 12127.9726, 9, 36.742527585, 36.742527585
348, 0_111, 0_111, 0.0, 12127.9726, 36, 153.357925564, 153.357925564
349, 0_116, 0_116, 0.0, 12127.9726, 100, 146.243130893, 146.243130893
350, 0_117, 0_117, 0.0, 12127.9726, 64, 149.842762032, 149.842762032
351, 0_114, 0_114, 0.0, 12127.9726, 196, 143.298336813, 143.298336813
352, 0_115, 0_115, 0.0, 12127.9726, 144, 144.04017958, 144.04017958
353, 5_34, 5_34, 0.0, 12127.9726, 36, 109.581081092, 109.581081092
354, 25_54, 25_54, 0.0, 12127.9726, 64, 103.581143715, 103.581143715
355, 14_91, 14_91, 0.0, 12127.9726, 81, 99.3801455691, 99.3801455691
356, 25_57, 25_57, 0.0, 12127.9726, 2209, 52.6410486218, 52.6410486218
357, 6_7, 6_7, 0.0, 12127.9726, 676, 95.7386024548, 95.7386024548
358, 4_54, 4_54, 0.0, 12127.9726, 36, 73.48505517, 73.48505517
359, 4_57, 4_57, 0.0, 12127.9726, 64, 124.171548002, 124.171548002
360, 24_44, 24_44, 0.0, 12127.9726, 64, 138.764020313, 138.764020313
361, 14_90, 14_90, 0.0, 12127.9726, 121, 103.581143715, 103.581143715
362, 24_117, 24_117, 0.0, 12127.9726, 64, 116.8, 116.8
363, 24_111, 24_111, 0.0, 12127.9726, 36, 129.767638493, 129.767638493
364, 14_111, 14_111, 0.0, 12127.9726, 25, 124.171548002, 124.171548002
365, 24_112, 24_112, 0.0, 12127.9726, 9, 140.79730111, 140.79730111
366, 24_78, 24_78, 0.0, 12127.9726, 484, 101.151767162, 101.151767162
367, 28_70, 28_70, 0.0, 12127.9726, 324, 101.151767162, 101.151767162
368, 1_31, 1_31, 0.0, 12127.9726, 81, 80.4105299904, 80.4105299904
369, 1_34, 1_34, 0.0, 12127.9726, 324, 65.8350463912, 65.8350463912
370, 25_83, 25_83, 0.0, 12127.9726, 900, 73.0, 73.0
371, 25_81, 25_81, 0.0, 12127.9726, 4, 124.171548002, 124.171548002
372, 41_70, 41_70, 0.0, 12127.9726, 25, 129.767638493, 129.767638493
373, 45_93, 45_93, 0.0, 12127.9726, 9, 143.793323906, 143.793323906
374, 2_42, 2_42, 0.0, 12127.9726, 81, 80.4105299904, 80.4105299904
375, 4_67, 4_67, 0.0, 12127.9726, 25, 88.0046210908, 88.0046210908
376, 27_83, 27_83, 0.0, 12127.9726, 400, 91.1769707766, 91.1769707766
377, 26_31, 26_31, 0.0, 12127.9726, 196, 73.48505517, 73.48505517
378, 14_49, 14_49, 0.0, 12127.9726, 289, 93.864867407, 93.864867407
379, 0_32, 0_32, 0.0, 12127.9726, 64, 107.618276019, 107.618276019
380, 5_94, 5_94, 0.0, 12127.9726, 9, 156.113078675, 156.113078675
381, 24_79, 24_79, 0.0, 12127.9726, 256, 114.029645268, 114.029645268
382, 24_76, 24_76, 0.0, 12127.9726, 1156, 77.2559382831, 77.2559382831
383, 24_77, 24_77, 0.0, 12127.9726, 784, 88.8083329424, 88.8083329424
384, 0_5, 0_5, 0.0, 12127.9726, 2116, 73.0, 73.0
385, 5_67, 5_67, 0.0, 12127.9726, 9, 80.4105299904, 80.4105299904
386, 0_8, 0_8, 0.0, 12127.9726, 11025, 14.6, 14.6
387, 0_9, 0_9, 0.0, 12127.9726, 7744, 25.2879417905, 25.2879417905
388, 0_6, 0_6, 0.0, 12127.9726, 1089, 87.6, 87.6
389, 0_7, 0_7, 0.0, 12127.9726, 10609, 14.6, 14.6
390, 0_4, 0_4, 0.0, 12127.9726, 3481, 58.4, 58.4
391, 0_2, 0_2, 0.0, 12127.9726, 7921, 29.2, 29.2
392, 15_56, 15_56, 0.0, 12127.9726, 1, 149.842762032, 149.842762032
393, 0_3, 0_3, 0.0, 12127.9726, 5184, 43.8, 43.8
394, 2_83, 2_83, 0.0, 12127.9726, 144, 124.171548002, 124.171548002
395, 0_1, 0_1, 0.0, 12127.9726, 11664, 14.6, 14.6
396, 24_71, 24_71, 0.0, 12127.9726, 2116, 52.6410486218, 52.6410486218
397, 24_70, 24_70, 0.0, 12127.9726, 1764, 58.4, 58.4
398, 12_24, 12_24, 0.0, 12127.9726, 16, 85.5481930454, 85.5481930454
399, 14_43, 14_43, 0.0, 12127.9726, 4225, 38.6279691415, 38.6279691415
400, 14_42, 14_42, 0.0, 12127.9726, 3721, 38.6279691415, 38.6279691415
401, 14_41, 14_41, 0.0, 12127.9726, 225, 51.2735149305, 51.2735149305
402, 0_43, 0_43, 0.0, 12127.9726, 64, 118.910106103, 118.910106103
403, 0_49, 0_49, 0.0, 12127.9726, 324, 73.48505517, 73.48505517
404, 0_48, 0_48, 0.0, 12127.9726, 400, 68.9969081433, 68.9969081433
405, 0_47, 0_47, 0.0, 12127.9726, 441, 67.4345114413, 67.4345114413
406, 0_46, 0_46, 0.0, 12127.9726, 441, 68.9969081433, 68.9969081433
407, 0_45, 0_45, 0.0, 12127.9726, 441, 73.48505517, 73.48505517
408, 0_44, 0_44, 0.0, 12127.9726, 36, 132.477067198, 132.477067198
409, 0_42, 0_42, 0.0, 12127.9726, 81, 105.619000816, 105.619000816
410, 14_125, 14_125, 0.0, 12127.9726, 1, 156.113078675, 156.113078675
411, 0_41, 0_41, 0.0, 12127.9726, 36, 97.2115905298, 97.2115905298
412, 0_40, 0_40, 0.0, 12127.9726, 81, 85.5481930454, 85.5481930454
413, 15_53, 15_53, 0.0, 12127.9726, 9, 110.549415798, 110.549415798
414, 24_119, 24_119, 0.0, 12127.9726, 16, 133.811210293, 133.811210293
415, 24_118, 24_118, 0.0, 12127.9726, 36, 124.742454682, 124.742454682
416, 24_113, 24_113, 0.0, 12127.9726, 196, 101.151767162, 101.151767162
417, 14_124, 14_124, 0.0, 12127.9726, 1, 161.482424224, 161.482424224
418, 14_126, 14_126, 0.0, 12127.9726, 1, 151.961617961, 151.961617961
419, 14_40, 14_40, 0.0, 12127.9726, 289, 59.0051975112, 59.0051975112
420, 33_34, 33_34, 0.0, 12127.9726, 121, 140.291743639, 140.291743639
421, 14_47, 14_47, 0.0, 12127.9726, 289, 118.010395022, 118.010395022
422, 14_46, 14_46, 0.0, 12127.9726, 289, 130.858142022, 130.858142022
423, 14_45, 14_45, 0.0, 12127.9726, 289, 144.04017958, 144.04017958
424, 14_44, 14_44, 0.0, 12127.9726, 4225, 43.8, 43.8
425, 29_57, 29_57, 0.0, 12127.9726, 361, 102.2, 102.2
426, 41_57, 41_57, 0.0, 12127.9726, 100, 119.506150469, 119.506150469
427, 4_14, 4_14, 0.0, 12127.9726, 36, 44.6037367642, 44.6037367642
428, 14_127, 14_127, 0.0, 12127.9726, 1, 149.129786875, 149.129786875
429, 4_15, 4_15, 0.0, 12127.9726, 1369, 77.2559382831, 77.2559382831
430, 3_70, 3_70, 0.0, 12127.9726, 81, 127.558666242, 127.558666242
431, 14_123, 14_123, 0.0, 12127.9726, 1, 167.95289022, 167.95289022
432, 2_81, 2_81, 0.0, 12127.9726, 4, 121.569294369, 121.569294369
433, 14_121, 14_121, 0.0, 12127.9726, 1, 183.712637925, 183.712637925
434, 14_120, 14_120, 0.0, 12127.9726, 4, 135.65696935, 135.65696935
435, 14_110, 14_110, 0.0, 12127.9726, 36, 127.558666242, 127.558666242
436, 14_48, 14_48, 0.0, 12127.9726, 289, 105.619000816, 105.619000816
437, 14_116, 14_116, 0.0, 12127.9726, 9, 153.357925564, 153.357925564
438, 0_72, 0_72, 0.0, 12127.9726, 441, 93.864867407, 93.864867407
439, 1_15, 1_15, 0.0, 12127.9726, 4096, 38.6279691415, 38.6279691415
440, 1_14, 1_14, 0.0, 12127.9726, 36, 88.0046210908, 88.0046210908
441, 22_80, 22_80, 0.0, 12127.9726, 16, 72.0200897898, 72.0200897898
442, 29_94, 29_94, 0.0, 12127.9726, 64, 115.883907425, 115.883907425
443, 1_81, 1_81, 0.0, 12127.9726, 4, 132.477067198, 132.477067198
444, 1_83, 1_83, 0.0, 12127.9726, 225, 117.103771644, 117.103771644
445, 30_70, 30_70, 0.0, 12127.9726, 36, 127.279849151, 127.279849151
446, 6_45, 6_45, 0.0, 12127.9726, 9, 134.869022883, 134.869022883
447, 56_57, 56_57, 0.0, 12127.9726, 16, 169.2172962, 169.2172962
448, 7_41, 7_41, 0.0, 12127.9726, 25, 97.2115905298, 97.2115905298
449, 2_45, 2_45, 0.0, 12127.9726, 225, 89.2074735285, 89.2074735285
450, 7_44, 7_44, 0.0, 12127.9726, 9, 135.65696935, 135.65696935
451, 6_42, 6_42, 0.0, 12127.9726, 16, 46.9324337035, 46.9324337035
452, 0_127, 0_127, 0.0, 12127.9726, 1, 175.402660565, 175.402660565
453, 0_126, 0_126, 0.0, 12127.9726, 4, 169.2172962, 169.2172962
454, 2_31, 2_31, 0.0, 12127.9726, 81, 67.4345114413, 67.4345114413
455, 15_23, 15_23, 0.0, 12127.9726, 1, 124.171548002, 124.171548002
456, 30_83, 30_83, 0.0, 12127.9726, 25, 126.439708953, 126.439708953
457, 0_103, 0_103, 0.0, 12127.9726, 9, 156.113078675, 156.113078675
458, 0_70, 0_70, 0.0, 12127.9726, 324, 102.547029861, 102.547029861
459, 0_71, 0_71, 0.0, 12127.9726, 400, 97.2115905298, 97.2115905298
460, 0_76, 0_76, 0.0, 12127.9726, 289, 102.547029861, 102.547029861
461, 0_77, 0_77, 0.0, 12127.9726, 196, 109.581081092, 109.581081092
462, 0_74, 0_74, 0.0, 12127.9726, 441, 93.864867407, 93.864867407
463, 0_75, 0_75, 0.0, 12127.9726, 400, 97.2115905298, 97.2115905298
464, 15_93, 15_93, 0.0, 12127.9726, 1, 147.69351148, 147.69351148
465, 2_34, 2_34, 0.0, 12127.9726, 225, 74.9213810159, 74.9213810159
466, 5_113, 5_113, 0.0, 12127.9726, 9, 167.95289022, 167.95289022
467, 34_44, 34_44, 0.0, 12127.9726, 64, 146.243130893, 146.243130893
468, 2_7, 2_7, 0.0, 12127.9726, 4900, 38.6279691415, 38.6279691415
469, 22_69, 22_69, 0.0, 12127.9726, 1764, 66.9056051464, 66.9056051464
470, 22_66, 22_66, 0.0, 12127.9726, 36, 59.0051975112, 59.0051975112
471, 27_121, 27_121, 0.0, 12127.9726, 16, 119.506150469, 119.506150469
472, 0_125, 0_125, 0.0, 12127.9726, 9, 164.101228921, 164.101228921
473, 0_124, 0_124, 0.0, 12127.9726, 16, 160.156964673, 160.156964673
474, 24_88, 24_88, 0.0, 12127.9726, 900, 81.2893596973, 81.2893596973
475, 14_68, 14_68, 0.0, 12127.9726, 1681, 66.9056051464, 66.9056051464
476, 4_42, 4_42, 0.0, 12127.9726, 36, 59.0051975112, 59.0051975112
477, 29_121, 29_121, 0.0, 12127.9726, 4, 131.4, 131.4
478, 4_45, 4_45, 0.0, 12127.9726, 81, 110.549415798, 110.549415798
479, 3_83, 3_83, 0.0, 12127.9726, 81, 132.477067198, 132.477067198
480, 3_81, 3_81, 0.0, 12127.9726, 4, 111.509341911, 111.509341911
481, 14_69, 14_69, 0.0, 12127.9726, 1369, 73.0, 73.0
482, 0_38, 0_38, 0.0, 12127.9726, 225, 65.8350463912, 65.8350463912
483, 30_104, 30_104, 0.0, 12127.9726, 9, 129.767638493, 129.767638493
484, 0_39, 0_39, 0.0, 12127.9726, 144, 74.9213810159, 74.9213810159
485, 14_65, 14_65, 0.0, 12127.9726, 144, 74.9213810159, 74.9213810159
486, 14_64, 14_64, 0.0, 12127.9726, 225, 80.4105299904, 80.4105299904
487, 14_67, 14_67, 0.0, 12127.9726, 1681, 63.6399245757, 63.6399245757
488, 14_117, 14_117, 0.0, 12127.9726, 9, 146.97011034, 146.97011034
489, 14_66, 14_66, 0.0, 12127.9726, 81, 72.0200897898, 72.0200897898
490, 5_45, 5_45, 0.0, 12127.9726, 36, 122.442857421, 122.442857421
491, 5_42, 5_42, 0.0, 12127.9726, 9, 51.2735149305, 51.2735149305
492, 24_89, 24_89, 0.0, 12127.9726, 625, 91.1769707766, 91.1769707766
493, 24_83, 24_83, 0.0, 12127.9726, 1225, 66.9056051464, 66.9056051464
494, 0_121, 0_121, 0.0, 12127.9726, 49, 156.113078675, 156.113078675
495, 25_31, 25_31, 0.0, 12127.9726, 196, 88.0046210908, 88.0046210908
496, 24_84, 24_84, 0.0, 12127.9726, 1444, 63.6399245757, 63.6399245757
497, 24_80, 24_80, 0.0, 12127.9726, 100, 127.279849151, 127.279849151
498, 24_81, 24_81, 0.0, 12127.9726, 4, 137.993816287, 137.993816287
499, 24_82, 24_82, 0.0, 12127.9726, 1, 151.961617961, 151.961617961
500, 14_19, 14_19, 0.0, 12127.9726, 16, 60.7846471844, 60.7846471844
501, 28_94, 28_94, 0.0, 12127.9726, 144, 105.282097244, 105.282097244
502, 0_123, 0_123, 0.0, 12127.9726, 25, 157.472579624, 157.472579624
503, 15_69, 15_69, 0.0, 12127.9726, 1, 160.156964673, 160.156964673
504, 1_104, 1_104, 0.0, 12127.9726, 225, 135.65696935, 135.65696935
505, 14_15, 14_15, 0.0, 12127.9726, 1, 118.010395022, 118.010395022
506, 14_16, 14_16, 0.0, 12127.9726, 1, 103.581143715, 103.581143715
507, 14_17, 14_17, 0.0, 12127.9726, 4, 89.2074735285, 89.2074735285
508, 0_73, 0_73, 0.0, 12127.9726, 441, 92.7224532319, 92.7224532319
509, 14_18, 14_18, 0.0, 12127.9726, 9, 74.9213810159, 74.9213810159
510, 0_79, 0_79, 0.0, 12127.9726, 64, 127.558666242, 127.558666242
511, 5_7, 5_7, 0.0, 12127.9726, 1369, 81.2893596973, 81.2893596973
512, 6_14, 6_14, 0.0, 12127.9726, 9, 16.8586278603, 16.8586278603
513, 7_30, 7_30, 0.0, 12127.9726, 64, 85.5481930454, 85.5481930454
514, 22_24, 22_24, 0.0, 12127.9726, 256, 111.509341911, 111.509341911
515, 22_25, 22_25, 0.0, 12127.9726, 256, 97.2115905298, 97.2115905298
516, 22_26, 22_26, 0.0, 12127.9726, 256, 83.0191142649, 83.0191142649
517, 22_27, 22_27, 0.0, 12127.9726, 256, 68.9969081433, 68.9969081433
518, 22_28, 22_28, 0.0, 12127.9726, 256, 55.2747078991, 55.2747078991
519, 23_24, 23_24, 0.0, 12127.9726, 196, 125.876500322, 125.876500322
520, 22_29, 22_29, 0.0, 12127.9726, 256, 42.1465696508, 42.1465696508
521, 1_57, 1_57, 0.0, 12127.9726, 289, 94.9935436403, 94.9935436403
522, 1_54, 1_54, 0.0, 12127.9726, 64, 105.619000816, 105.619000816
523, 25_67, 25_67, 0.0, 12127.9726, 25, 113.404820591, 113.404820591
524, 2_121, 2_121, 0.0, 12127.9726, 25, 160.156964673, 160.156964673
525, 5_70, 5_70, 0.0, 12127.9726, 9, 149.129786875, 149.129786875
526, 7_33, 7_33, 0.0, 12127.9726, 9, 125.876500322, 125.876500322
527, 13_14, 13_14, 0.0, 12127.9726, 4, 22.3018683821, 22.3018683821
528, 15_80, 15_80, 0.0, 12127.9726, 1, 134.869022883, 134.869022883
529, 11_14, 11_14, 0.0, 12127.9726, 9, 51.2735149305, 51.2735149305
530, 14_115, 14_115, 0.0, 12127.9726, 9, 160.821059981, 160.821059981
531, 14_114, 14_114, 0.0, 12127.9726, 9, 169.2172962, 169.2172962
532, 0_78, 0_78, 0.0, 12127.9726, 121, 118.010395022, 118.010395022
533, 14_118, 14_118, 0.0, 12127.9726, 9, 141.803008901, 141.803008901
534, 14_119, 14_119, 0.0, 12127.9726, 9, 137.993816287, 137.993816287
535, 26_94, 26_94, 0.0, 12127.9726, 400, 87.6, 87.6
536, 24_122, 24_122, 0.0, 12127.9726, 36, 115.883907425, 115.883907425
537, 24_125, 24_125, 0.0, 12127.9726, 9, 131.4, 131.4
538, 24_123, 24_123, 0.0, 12127.9726, 25, 119.506150469, 119.506150469
539, 24_120, 24_120, 0.0, 12127.9726, 4, 143.793323906, 143.793323906
540, 24_121, 24_121, 0.0, 12127.9726, 49, 114.029645268, 114.029645268
541, 24_126, 24_126, 0.0, 12127.9726, 4, 139.275123407, 139.275123407
542, 24_127, 24_127, 0.0, 12127.9726, 1, 148.17381685, 148.17381685
543, 24_124, 24_124, 0.0, 12127.9726, 16, 124.742454682, 124.742454682
544, 57_93, 57_93, 0.0, 12127.9726, 4, 148.17381685, 148.17381685
545, 25_113, 25_113, 0.0, 12127.9726, 144, 102.2, 102.2
546, 24_55, 24_55, 0.0, 12127.9726, 49, 132.477067198, 132.477067198
547, 8_14, 8_14, 0.0, 12127.9726, 9, 94.9935436403, 94.9935436403
548, 14_56, 14_56, 0.0, 12127.9726, 2601, 58.4, 58.4
549, 14_57, 14_57, 0.0, 12127.9726, 144, 156.113078675, 156.113078675
550, 14_50, 14_50, 0.0, 12127.9726, 289, 83.0191142649, 83.0191142649
551, 14_51, 14_51, 0.0, 12127.9726, 289, 73.48505517, 73.48505517
552, 14_52, 14_52, 0.0, 12127.9726, 225, 65.8350463912, 65.8350463912
553, 14_53, 14_53, 0.0, 12127.9726, 144, 60.7846471844, 60.7846471844
554, 14_58, 14_58, 0.0, 12127.9726, 289, 143.298336813, 143.298336813
555, 14_59, 14_59, 0.0, 12127.9726, 289, 130.858142022, 130.858142022
556, 0_102, 0_102, 0.0, 12127.9726, 36, 146.97011034, 146.97011034
557, 3_45, 3_45, 0.0, 12127.9726, 144, 99.3801455691, 99.3801455691
558, 3_42, 3_42, 0.0, 12127.9726, 64, 68.9969081433, 68.9969081433
559, 53_70, 53_70, 0.0, 12127.9726, 16, 133.811210293, 133.811210293
560, 6_104, 6_104, 0.0, 12127.9726, 1, 170.472324245, 170.472324245
561, 25_94, 25_94, 0.0, 12127.9726, 576, 81.2893596973, 81.2893596973
562, 3_7, 3_7, 0.0, 12127.9726, 3481, 52.6410486218, 52.6410486218
563, 14_54, 14_54, 0.0, 12127.9726, 2601, 50.575883581, 50.575883581
564, 14_55, 14_55, 0.0, 12127.9726, 2809, 52.6410486218, 52.6410486218
565, 26_113, 26_113, 0.0, 12127.9726, 100, 105.282097244, 105.282097244
566, 24_68, 24_68, 0.0, 12127.9726, 16, 141.803008901, 141.803008901
567, 24_63, 24_63, 0.0, 12127.9726, 1296, 75.8638253715, 75.8638253715
568, 26_57, 26_57, 0.0, 12127.9726, 1600, 63.6399245757, 63.6399245757
569, 24_66, 24_66, 0.0, 12127.9726, 225, 115.883907425, 115.883907425
570, 24_67, 24_67, 0.0, 12127.9726, 25, 127.558666242, 127.558666242
571, 24_64, 24_64, 0.0, 12127.9726, 841, 88.8083329424, 88.8083329424
572, 15_44, 15_44, 0.0, 12127.9726, 1, 140.291743639, 140.291743639
573, 24_65, 24_65, 0.0, 12127.9726, 484, 102.2, 102.2
574, 24_69, 24_69, 0.0, 12127.9726, 4, 156.113078675, 156.113078675
575, 15_41, 15_41, 0.0, 12127.9726, 36, 99.3801455691, 99.3801455691
576, 7_80, 7_80, 0.0, 12127.9726, 9, 135.65696935, 135.65696935
577, 25_104, 25_104, 0.0, 12127.9726, 324, 91.1769707766, 91.1769707766
578, 3_113, 3_113, 0.0, 12127.9726, 49, 154.74163413, 154.74163413
579, 30_121, 30_121, 0.0, 12127.9726, 1, 139.275123407, 139.275123407
918, 15_29, 2_14, 0.011000001803, 6672.82492829, 60, 74.9213810159, 73.48505517
658, 34_66, 0_33, -0.011000001803, 7938.80624099, 72, 119.506150469, 121.569294369
580, 6_113, 14_122, 0.011000001803, 9337.00923284, 1, 176.009242182, 175.402660565
788, 14_47, 5_45, 0.0100000016391, 7167.31074276, 102, 118.010395022, 122.442857421
659, 41_57, 14_24, 0.011000001803, 7938.64694875, 170, 119.506150469, 121.569294369
919, 5_67, 0_50, 0.012000001967, 6742.1960411, 45, 80.4105299904, 80.4105299904
581, 14_123, 5_113, -0.011000001803, 9230.74035112, 3, 167.95289022, 167.95289022
789, 14_120, 0_105, 0.0100000016391, 7166.55593447, 40, 135.65696935, 130.858142022
660, 24_111, 0_79, -0.012000001967, 7957.11275615, 48, 129.767638493, 127.558666242
920, 14_102, 0_85, 0.0100000016391, 6658.03226971, 126, 110.549415798, 105.619000816
582, 14_114, 6_104, -0.011000001803, 9113.07550806, 3, 169.2172962, 170.472324245
661, 3_70, 30_104, -0.012000001967, 7954.84094526, 27, 127.558666242, 129.767638493
921, 0_44, 24_80, -0.0100000016391, 6657.90693706, 60, 132.477067198, 127.279849151
790, 24_92, 7_66, -0.011000001803, 7190.96000527, 30, 126.439708953, 122.442857421
583, 14_124, 4_113, -0.011000001803, 9068.4312991, 5, 161.482424224, 160.821059981
662, 14_120, 0_104, -0.011000001803, 7889.14760907, 36, 135.65696935, 132.477067198
922, 1_45, 14_64, 0.012000001967, 6741.75969553, 270, 80.4105299904, 80.4105299904
791, 0_53, 2_67, -0.012000001967, 7239.31606574, 30, 110.549415798, 107.618276019
584, 14_115, 5_104, -0.011000001803, 9037.14834802, 9, 160.821059981, 161.482424224
923, 30_70, 14_34, -0.0100000016391, 6654.23718685, 102, 127.279849151, 132.477067198
663, 24_112, 0_81, 0.011000001803, 7886.94470836, 6, 140.79730111, 144.04017958
792, 30_83, 30_104, 0.0430000070482, 146.234750477, 15, 126.439708953, 129.767638493
585, 70_93, 34_53, 0.0, 191.738477311, 16, 153.820544792, 110.227582755
924, 22_93, 0_61, 0.012000001967, 6708.07259929, 40, 85.5481930454, 83.0191142649
664, 25_81, 0_13, 0.0, 17.7135985706, 72, 124.171548002, 81.2893596973
793, 4_45, 14_61, 0.012000001967, 7236.95086163, 153, 110.549415798, 107.618276019
586, 14_116, 4_104, -0.012000001967, 8913.03756246, 18, 153.357925564, 153.357925564
925, 14_79, 0_58, -0.012000001967, 6709.1565999, 189, 85.5481930454, 83.0191142649
665, 24_117, 0_89, -0.012000001967, 7956.96778674, 120, 116.8, 117.103771644
794, 5_81, 24_107, -0.012000001967, 7252.4479182, 36, 94.9935436403, 95.7386024548
587, 6_94, 14_105, 0.011000001803, 8834.20149392, 5, 166.03822853, 164.101228921
926, 0_53, 24_101, -0.00900000147521, 6669.35973215, 72, 110.549415798, 115.883907425
666, 1_83, 14_100, 0.012000001967, 7949.06107483, 135, 117.103771644, 118.010395022
795, 26_104, 14_77, -0.012000001967, 7252.22015593, 210, 95.7386024548, 94.9935436403
588, 14_125, 3_113, -0.011000001803, 8853.42542655, 7, 156.113078675, 154.74163413
927, 29_94, 29_121, 0.0390000063926, 25.2315591616, 16, 115.883907425, 131.4
667, 1_83, 28_113, -0.012000001967, 7956.23798318, 90, 117.103771644, 116.8
796, 0_75, 24_107, 0.012000001967, 7238.38865052, 360, 97.2115905298, 95.7386024548
589, 34_44, 70_80, -0.011000001803, 8812.24930249, 16, 146.243130893, 146.0
928, 24_88, 0_50, -0.012000001967, 6718.88252075, 450, 81.2893596973, 80.4105299904
668, 27_121, 14_100, -0.012000001967, 7921.61814597, 36, 119.506150469, 118.010395022
797, 26_104, 0_70, -0.0080000013113, 5681.86120693, 270, 95.7386024548, 102.547029861
590, 5_94, 14_106, 0.011000001803, 8787.58382256, 18, 156.113078675, 154.74163413
929, 1_45, 14_108, -0.00100000016391, 18.6487226847, 108, 80.4105299904, 138.764020313
669, 28_113, 14_88, -0.012000001967, 7943.11302063, 72, 116.8, 117.103771644
798, 14_84, 6_83, 0.0080000013113, 7221.20673565, 9, 157.472579624, 162.797092521
591, 57_93, 24_56, 0.011000001803, 8751.22934035, 10, 148.17381685, 146.97011034
930, 0_21, 15_29, 0.011000001803, 6642.21248913, 370, 77.2559382831, 74.9213810159
670, 7_14, 24_42, -0.012000001967, 7855.82597408, 33, 109.581081092, 109.581081092
799, 5_81, 0_63, 0.0130000021309, 7249.0048091, 30, 94.9935436403, 94.9935436403
592, 15_56, 57_93, 0.011000001803, 8690.76405889, 2, 149.842762032, 148.17381685
931, 4_15, 14_18, -0.011000001803, 6641.07103306, 111, 77.2559382831, 74.9213810159
671, 24_111, 1_81, 0.012000001967, 7854.74553249, 12, 129.767638493, 132.477067198
800, 0_6, 1_14, -0.012000001967, 7165.98543056, 198, 87.6, 88.0046210908
593, 14_117, 3_104, -0.012000001967, 8738.02451189, 27, 146.97011034, 146.243130893
932, 24_78, 0_42, 0.011000001803, 6559.79370559, 198, 101.151767162, 105.619000816
672, 14_73, 30_104, 0.012000001967, 7852.17908732, 45, 132.477067198, 129.767638493
801, 0_6, 25_31, 0.012000001967, 7165.82673316, 462, 87.6, 88.0046210908
594, 14_107, 4_94, -0.012000001967, 8706.50061989, 36, 146.243130893, 146.97011034
933, 28_70, 4_34, 0.011000001803, 6656.87634016, 162, 101.151767162, 97.2115905298
673, 34_53, 24_43, 0.0190000031143, 588.474414079, 160, 110.227582755, 124.171548002
802, 1_57, 14_76, -0.00600000098348, 5301.08294827, 255, 94.9935436403, 102.547029861
595, 15_56, 24_82, -0.011000001803, 8610.7867416, 1, 149.842762032, 151.961617961
934, 14_79, 24_104, 0.012000001967, 6663.33931889, 189, 85.5481930454, 88.8083329424
674, 24_123, 0_98, -0.012000001967, 7873.68626364, 90, 119.506150469, 121.569294369
803, 14_91, 0_71, -0.012000001967, 7206.40805048, 180, 99.3801455691, 97.2115905298
596, 24_44, 57_80, -0.011000001803, 8628.66879519, 32, 138.764020313, 139.275123407
935, 22_93, 24_105, -0.012000001967, 6661.68992537, 44, 85.5481930454, 88.8083329424
675, 27_121, 0_94, 0.012000001967, 7874.06363038, 72, 119.506150469, 121.569294369
804, 1_14, 15_30, -0.012000001967, 7146.55428225, 54, 88.0046210908, 89.2074735285
597, 24_127, 0_102, -0.012000001967, 8653.57495469, 6, 148.17381685, 146.97011034
936, 24_79, 0_43, 0.0100000016391, 6616.9688939, 128, 114.029645268, 118.910106103
676, 2_70, 14_88, 0.012000001967, 7909.69681327, 144, 118.010395022, 117.103771644
805, 24_99, 0_63, -0.0130000021309, 7224.87446253, 300, 95.7386024548, 94.9935436403
598, 33_34, 66_70, -0.011000001803, 8599.00134368, 33, 140.291743639, 139.275123407
937, 29_70, 14_34, -0.00200000032783, 161.98538431, 204, 114.029645268, 132.477067198
677, 25_81, 24_80, -0.011000001803, 7775.17698095, 20, 124.171548002, 127.279849151
806, 1_57, 27_94, -0.0130000021309, 7224.08880369, 272, 94.9935436403, 95.7386024548
599, 15_44, 57_80, 0.011000001803, 8598.79213924, 4, 140.291743639, 139.275123407
678, 0_23, 34_53, 0.012000001967, 7812.99578983, 96, 111.509341911, 110.227582755
938, 24_88, 3_54, 0.012000001967, 6678.38045727, 240, 81.2893596973, 83.0191142649
807, 0_42, 7_53, -0.0100000016391, 7099.31602485, 27, 105.619000816, 109.581081092
600, 14_126, 2_113, -0.011000001803, 8589.13327673, 9, 151.961617961, 149.842762032
679, 22_24, 41_45, -0.012000001967, 7812.8259746, 240, 111.509341911, 110.227582755
939, 14_50, 26_83, 0.012000001967, 6677.0624283, 425, 83.0191142649, 81.2893596973
808, 5_34, 14_36, -0.0100000016391, 7097.90210946, 102, 109.581081092, 105.619000816
601, 15_44, 24_68, -0.011000001803, 8549.24836673, 4, 140.291743639, 141.803008901
680, 15_93, 0_81, -0.011000001803, 7757.94090195, 2, 147.69351148, 144.04017958
940, 1_31, 0_21, 0.0100000016391, 6597.45330901, 333, 80.4105299904, 77.2559382831
809, 14_112, 0_96, 0.011000001803, 7102.97191885, 63, 122.442857421, 118.010395022
602, 14_95, 6_83, -0.011000001803, 8505.66271768, 7, 160.156964673, 162.797092521
681, 14_72, 6_57, -0.011000001803, 7754.7090404, 30, 144.04017958, 147.69351148
941, 4_15, 14_27, 0.0100000016391, 6595.90681972, 629, 77.2559382831, 80.4105299904
810, 15_30, 24_52, -0.011000001803, 7113.37823335, 252, 89.2074735285, 91.1769707766
603, 45_93, 24_68, 0.011000001803, 8480.36183309, 12, 143.793323906, 141.803008901
682, 24_110, 0_78, -0.012000001967, 7858.13858152, 99, 119.506150469, 118.010395022
942, 0_41, 24_90, -0.00900000147521, 6588.78069548, 120, 97.2115905298, 102.2
811, 14_17, 5_15, 0.011000001803, 7112.58990106, 56, 89.2074735285, 91.1769707766
604, 14_108, 3_94, -0.012000001967, 8567.43510173, 54, 138.764020313, 138.764020313
683, 14_111, 0_94, -0.012000001967, 7806.17823234, 90, 124.171548002, 121.569294369
943, 0_73, 24_104, -0.011000001803, 6610.61228519, 441, 92.7224532319, 88.8083329424
812, 14_91, 25_113, 0.012000001967, 7155.87441673, 108, 99.3801455691, 102.2
605, 14_96, 2_70, 0.0, 73.9223959789, 108, 149.842762032, 118.010395022
684, 2_70, 29_104, -0.012000001967, 7856.36784893, 72, 118.010395022, 119.506150469
944, 0_73, 24_105, 0.011000001803, 6608.94991377, 462, 92.7224532319, 88.8083329424
813, 24_91, 0_53, -0.012000001967, 7134.39516755, 90, 114.029645268, 110.549415798
606, 24_126, 0_101, -0.012000001967, 8546.61541693, 18, 139.275123407, 138.764020313
685, 25_67, 0_23, 0.012000001967, 7759.71225041, 30, 113.404820591, 111.509341911
945, 4_34, 28_83, 0.00900000147521, 6586.34455525, 135, 97.2115905298, 102.2
814, 29_83, 4_45, 0.012000001967, 7131.73393669, 90, 114.029645268, 110.549415798
607, 30_121, 3_94, 0.012000001967, 8545.28698738, 9, 139.275123407, 138.764020313
686, 24_93, 0_68, -0.0100000016391, 7700.49051482, 20, 139.275123407, 143.298336813
946, 14_102, 26_121, -0.0100000016391, 6575.41041869, 30, 110.549415798, 115.883907425
815, 24_93, 0_56, 0.0100000016391, 7077.57812275, 25, 139.275123407, 144.04017958
608, 2_104, 14_118, 0.012000001967, 8502.83651193, 36, 140.291743639, 141.803008901
687, 7_80, 1_81, -0.011000001803, 7739.85965825, 6, 135.65696935, 132.477067198
947, 0_40, 3_54, -0.012000001967, 6621.13765445, 72, 85.5481930454, 83.0191142649
816, 24_99, 3_67, 0.012000001967, 7182.39081171, 100, 95.7386024548, 97.2115905298
609, 57_66, 24_33, 0.012000001967, 8456.79010612, 66, 131.4, 131.670092782
688, 14_73, 28_83, 0.0, 65.3566243197, 225, 132.477067198, 102.2
948, 14_50, 3_34, -0.012000001967, 6619.42698954, 204, 83.0191142649, 85.5481930454
817, 27_94, 14_62, -0.012000001967, 7180.9237337, 272, 95.7386024548, 97.2115905298
610, 15_33, 57_66, 0.012000001967, 8456.74195994, 6, 131.670092782, 131.4
689, 24_80, 0_55, -0.0100000016391, 7669.48322883, 70, 127.279849151, 130.858142022
949, 1_31, 0_30, -0.0100000016391, 6547.09749532, 72, 80.4105299904, 84.2931393017
818, 24_112, 7_80, 0.00900000147521, 7096.64855675, 9, 140.79730111, 135.65696935
611, 14_97, 30_121, 0.012000001967, 8501.50098763, 9, 140.291743639, 139.275123407
690, 2_81, 24_110, -0.012000001967, 7785.78978829, 18, 121.569294369, 119.506150469
950, 14_27, 4_24, 0.0100000016391, 6545.14017055, 153, 80.4105299904, 84.2931393017
819, 24_102, 7_66, 0.00900000147521, 7061.00289253, 24, 127.279849151, 122.442857421
612, 45_93, 7_56, -0.011000001803, 8392.57955574, 9, 143.793323906, 146.243130893
691, 14_46, 30_70, -0.0100000016391, 7669.05105836, 102, 130.858142022, 127.279849151
951, 24_78, 0_44, 0.0100000016391, 162.715491956, 132, 101.151767162, 132.477067198
820, 5_45, 30_94, 0.00900000147521, 7059.46064556, 24, 122.442857421, 127.279849151
613, 24_55, 15_33, 0.012000001967, 8433.63109037, 7, 132.477067198, 131.670092782
692, 14_74, 29_104, 0.012000001967, 7783.68615562, 90, 121.569294369, 119.506150469
952, 28_70, 14_36, -0.011000001803, 6556.73480623, 306, 101.151767162, 105.619000816
821, 24_92, 0_55, 0.011000001803, 7063.17667586, 70, 126.439708953, 130.858142022
614, 24_55, 45_80, -0.011000001803, 8391.6537554, 42, 132.477067198, 133.811210293
693, 25_67, 24_66, -0.011000001803, 7696.10017217, 75, 113.404820591, 115.883907425
953, 30_104, 14_86, 0.0080000013113, 6626.47656975, 36, 129.767638493, 135.65696935
822, 14_46, 30_83, 0.011000001803, 7059.82893343, 85, 130.858142022, 126.439708953
615, 4_83, 14_97, 0.012000001967, 8436.44876619, 54, 141.803008901, 140.291743639
694, 2_81, 0_66, 0.012000001967, 7694.47737945, 12, 121.569294369, 124.171548002
954, 2_81, 24_101, 0.00900000147521, 6576.02836381, 24, 121.569294369, 115.883907425
823, 0_31, 24_54, 0.00100000016391, 74.6040180485, 72, 93.864867407, 118.010395022
616, 53_70, 23_34, 0.011000001803, 8333.85705335, 56, 133.811210293, 135.65696935
695, 4_57, 14_74, 0.012000001967, 7692.06549079, 120, 124.171548002, 121.569294369
955, 14_93, 0_73, -0.011000001803, 6546.36792583, 63, 97.2115905298, 92.7224532319
824, 14_26, 5_15, -0.011000001803, 7063.23756204, 476, 93.864867407, 91.1769707766
617, 7_44, 45_80, 0.011000001803, 8333.65108767, 18, 135.65696935, 133.811210293
696, 0_43, 24_66, 0.011000001803, 7616.51376901, 120, 118.910106103, 115.883907425
956, 14_92, 0_79, 0.00400000065565, 4.08711969057, 48, 97.2115905298, 127.558666242
825, 25_113, 0_85, 0.012000001967, 7087.27128516, 252, 102.2, 105.619000816
618, 24_120, 0_92, -0.012000001967, 8352.93877048, 12, 143.793323906, 141.803008901
697, 30_57, 14_35, 0.011000001803, 7616.02264382, 204, 115.883907425, 118.910106103
957, 29_94, 14_74, 0.00900000147521, 6573.47668197, 120, 115.883907425, 121.569294369
826, 24_114, 0_86, -0.012000001967, 7085.62510514, 294, 102.2, 105.619000816
619, 14_127, 1_113, -0.011000001803, 8281.22760746, 11, 149.129786875, 146.243130893
698, 27_113, 14_89, -0.012000001967, 7729.45448066, 96, 110.227582755, 109.581081092
958, 0_44, 24_81, 0.00900000147521, 6527.43943141, 12, 132.477067198, 137.993816287
827, 3_67, 0_52, 0.012000001967, 7122.59816855, 45, 97.2115905298, 99.3801455691
620, 24_125, 0_100, -0.012000001967, 8378.4022404, 36, 131.4, 131.670092782
699, 7_80, 24_103, 0.011000001803, 7620.492717, 12, 135.65696935, 139.275123407
959, 24_82, 7_56, -0.00900000147521, 6546.56472759, 3, 151.961617961, 146.243130893
828, 3_45, 14_62, 0.012000001967, 7120.77463566, 204, 99.3801455691, 97.2115905298
621, 29_121, 2_94, 0.012000001967, 8377.52019343, 24, 131.4, 131.670092782
700, 24_116, 0_88, -0.012000001967, 7713.66617287, 180, 110.227582755, 111.509341911
960, 24_77, 0_40, -0.012000001967, 6547.49156073, 252, 88.8083329424, 85.5481930454
829, 24_91, 7_53, 0.0100000016391, 7011.19689547, 45, 114.029645268, 109.581081092
622, 14_109, 2_94, -0.012000001967, 8368.10633741, 72, 132.477067198, 131.670092782
701, 27_113, 0_83, 0.012000001967, 7713.58995306, 144, 110.227582755, 111.509341911
961, 25_81, 0_44, -0.00100000016391, 4761.07064375, 12, 124.171548002, 132.477067198
830, 29_83, 5_34, -0.0100000016391, 7009.6103418, 60, 114.029645268, 109.581081092
623, 7_44, 24_81, -0.011000001803, 8256.91039385, 6, 135.65696935, 137.993816287
702, 1_70, 14_89, 0.0130000021309, 7726.10620962, 180, 109.581081092, 109.581081092
962, 27_70, 3_34, 0.012000001967, 6545.42332823, 288, 88.8083329424, 85.5481930454
831, 24_91, 0_54, 0.011000001803, 7024.58864782, 120, 114.029645268, 118.010395022
624, 14_98, 29_121, 0.012000001967, 8365.54680024, 18, 131.670092782, 131.4
703, 15_93, 0_68, 0.0100000016391, 7575.54609832, 4, 147.69351148, 143.298336813
963, 24_90, 2_67, -0.00900000147521, 6512.0770666, 100, 102.2, 107.618276019
832, 7_41, 0_31, 0.011000001803, 6999.35547195, 45, 97.2115905298, 93.864867407
625, 14_98, 3_83, -0.012000001967, 8332.3544449, 81, 131.670092782, 132.477067198
704, 6_57, 14_58, -0.0100000016391, 7575.53542639, 34, 147.69351148, 143.298336813
964, 28_83, 3_34, 0.00500000081956, 370.671191561, 180, 102.2, 85.5481930454
833, 14_26, 5_24, 0.011000001803, 6997.99793289, 102, 93.864867407, 97.2115905298
626, 15_23, 24_42, -0.0180000029504, 494.666082292, 11, 124.171548002, 109.581081092
705, 15_80, 0_55, 0.0100000016391, 7567.01362755, 7, 134.869022883, 130.858142022
965, 24_122, 0_98, 0.00900000147521, 6486.74116357, 108, 115.883907425, 121.569294369
834, 14_47, 29_83, 0.011000001803, 7021.53360811, 170, 118.010395022, 114.029645268
627, 45_66, 2_67, 0.0, 5.03294324628, 45, 124.742454682, 107.618276019
706, 14_46, 6_45, 0.0100000016391, 7566.55843098, 51, 130.858142022, 134.869022883
966, 24_77, 0_30, 0.0100000016391, 6484.62796428, 224, 88.8083329424, 84.2931393017
835, 14_103, 0_85, -0.011000001803, 7014.97365545, 63, 109.581081092, 105.619000816
628, 7_33, 45_66, 0.012000001967, 8224.37434975, 27, 125.876500322, 124.742454682
707, 34_41, 0_14, -0.012000001967, 7631.36882414, 120, 102.2, 102.547029861
967, 27_70, 4_24, -0.0100000016391, 6482.28260341, 216, 88.8083329424, 84.2931393017
836, 14_103, 0_86, 0.011000001803, 7013.23452415, 63, 109.581081092, 105.619000816
629, 23_24, 53_57, -0.012000001967, 8224.44845479, 112, 125.876500322, 124.742454682
708, 34_41, 24_31, 0.012000001967, 7631.29075757, 280, 102.2, 102.547029861
968, 0_94, 26_121, 0.00900000147521, 6484.24309452, 90, 121.569294369, 115.883907425
837, 24_90, 0_52, -0.012000001967, 7045.23987907, 180, 102.2, 99.3801455691
630, 24_119, 0_91, -0.012000001967, 8280.05157123, 36, 133.811210293, 132.477067198
709, 14_101, 0_83, -0.012000001967, 7677.80866316, 144, 113.404820591, 111.509341911
969, 24_114, 14_93, -0.0100000016391, 6473.1676062, 42, 102.2, 97.2115905298
838, 3_45, 28_83, -0.012000001967, 7043.07364523, 180, 99.3801455691, 102.2
631, 3_83, 30_113, -0.012000001967, 8278.2440755, 18, 132.477067198, 133.811210293
710, 0_77, 24_109, 0.012000001967, 7703.3170678, 168, 109.581081092, 110.227582755
970, 14_92, 25_113, -0.0100000016391, 6471.07215588, 72, 97.2115905298, 102.2
839, 1_81, 24_102, 0.00900000147521, 6962.20331783, 16, 132.477067198, 127.279849151
632, 24_81, 34_93, -0.011000001803, 8161.92787337, 8, 137.993816287, 140.79730111
711, 28_104, 1_70, 0.012000001967, 7702.09153162, 135, 110.227582755, 109.581081092
971, 0_42, 15_53, 0.011000001803, 6447.48833212, 27, 105.619000816, 110.549415798
840, 14_73, 56_70, -0.02300000377, 3.77018754317, 30, 132.477067198, 178.414947057
633, 14_119, 1_104, -0.012000001967, 8212.63637112, 45, 137.993816287, 135.65696935
712, 25_54, 0_14, 0.012000001967, 7610.59716079, 48, 103.581143715, 102.547029861
972, 10_14, 27_42, -0.011000001803, 6446.60572714, 33, 65.8350463912, 65.8350463912
841, 24_78, 1_81, 0.0, 65.5452116977, 44, 101.151767162, 132.477067198
634, 14_84, 6_70, -0.011000001803, 8133.5635429, 9, 157.472579624, 160.821059981
713, 6_70, 14_71, -0.00900000147521, 7577.41239872, 11, 160.821059981, 156.113078675
973, 14_36, 6_24, -0.011000001803, 6444.23512408, 51, 105.619000816, 110.549415798
842, 28_70, 5_24, -0.0100000016391, 6922.31758975, 108, 101.151767162, 97.2115905298
635, 7_33, 24_67, -0.011000001803, 8171.33481484, 15, 125.876500322, 127.558666242
714, 14_101, 26_121, 0.012000001967, 7622.08438264, 40, 113.404820591, 115.883907425
974, 27_42, 0_12, -0.0100000016391, 6439.62347445, 517, 65.8350463912, 66.9056051464
843, 24_121, 14_103, -0.011000001803, 6930.14048738, 21, 114.029645268, 109.581081092
636, 14_86, 30_113, 0.012000001967, 8203.56467369, 24, 135.65696935, 133.811210293
715, 3_81, 24_109, -0.012000001967, 7660.58343919, 24, 111.509341911, 110.227582755
975, 1_42, 24_77, -0.011000001803, 6463.31217744, 252, 92.7224532319, 88.8083329424
844, 25_121, 14_103, 0.011000001803, 6927.91713477, 18, 114.029645268, 109.581081092
637, 5_70, 14_85, 0.011000001803, 8140.37092494, 36, 149.129786875, 146.243130893
716, 28_104, 14_75, -0.012000001967, 7659.00929792, 135, 110.227582755, 111.509341911
976, 0_49, 6_67, -0.012000001967, 6486.29947913, 36, 73.48505517, 74.9213810159
845, 24_91, 1_67, -0.00900000147521, 6911.09231529, 75, 114.029645268, 118.910106103
638, 34_80, 24_67, 0.011000001803, 8105.42429927, 40, 129.767638493, 127.558666242
717, 25_54, 24_53, -0.012000001967, 7569.14263102, 160, 103.581143715, 105.282097244
977, 27_70, 14_37, -0.011000001803, 6460.6084371, 408, 88.8083329424, 92.7224532319
846, 29_83, 14_60, 0.00900000147521, 6909.22345829, 170, 114.029645268, 118.910106103
639, 0_56, 34_93, 0.0100000016391, 8051.47810957, 20, 144.04017958, 140.79730111
718, 14_16, 6_15, 0.012000001967, 7568.76306233, 19, 103.581143715, 105.282097244
978, 0_45, 14_65, 0.012000001967, 6486.7786705, 252, 73.48505517, 74.9213810159
847, 26_42, 0_19, -0.011000001803, 27.3578645775, 627, 80.4105299904, 50.575883581
640, 14_99, 28_121, 0.012000001967, 8170.94691105, 27, 124.171548002, 124.742454682
719, 0_66, 24_101, -0.00300000049174, 4902.80583347, 72, 124.171548002, 115.883907425
979, 0_49, 14_69, 0.012000001967, 6487.99238337, 666, 73.48505517, 73.0
848, 0_62, 6_81, -0.012000001967, 6998.79060834, 18, 88.0046210908, 89.2074735285
641, 14_86, 4_70, -0.012000001967, 8108.94253013, 72, 135.65696935, 137.993816287
720, 4_57, 30_94, -0.012000001967, 7582.22398585, 32, 124.171548002, 127.279849151
980, 25_83, 0_45, 0.012000001967, 6487.93453153, 630, 73.0, 73.48505517
849, 14_78, 0_57, -0.012000001967, 6998.93749024, 240, 89.2074735285, 88.0046210908
642, 24_124, 0_99, -0.012000001967, 8152.41821163, 60, 124.742454682, 125.876500322
721, 0_43, 15_66, -0.011000001803, 7520.29415471, 8, 118.910106103, 122.442857421
981, 6_67, 14_81, -0.012000001967, 6467.71715717, 62, 74.9213810159, 77.2559382831
850, 24_98, 0_62, -0.012000001967, 7002.56484202, 432, 87.6, 88.0046210908
643, 2_83, 14_96, 0.00900000147521, 158.05713839, 108, 124.171548002, 149.842762032
722, 6_34, 14_35, -0.011000001803, 7519.73866969, 51, 122.442857421, 118.910106103
982, 24_94, 14_65, -0.012000001967, 6468.73815539, 336, 77.2559382831, 74.9213810159
851, 26_94, 0_57, 0.012000001967, 7002.23915054, 400, 87.6, 88.0046210908
644, 1_94, 28_121, -0.012000001967, 8152.10640471, 45, 125.876500322, 124.742454682
723, 0_95, 26_121, -0.012000001967, 7547.06161852, 100, 118.910106103, 115.883907425
983, 2_22, 0_12, 0.0100000016391, 6421.38272684, 376, 68.9969081433, 66.9056051464
852, 26_42, 0_13, -0.011000001803, 6921.27878621, 396, 80.4105299904, 81.2893596973
645, 24_118, 0_90, -0.012000001967, 8147.08481361, 72, 124.742454682, 124.171548002
724, 24_122, 0_96, -0.0320000052452, 826.203301506, 126, 115.883907425, 118.010395022
984, 22_27, 4_7, -0.0100000016391, 6420.3385417, 768, 68.9969081433, 66.9056051464
853, 24_90, 1_54, 0.012000001967, 6951.05815355, 160, 102.2, 105.619000816
646, 2_83, 29_113, -0.012000001967, 8145.76724332, 48, 124.171548002, 124.742454682
725, 0_32, 24_54, 0.0320000052452, 387.116734718, 64, 107.618276019, 118.010395022
985, 4_54, 3_81, 0.0, 30.7472072878, 12, 73.48505517, 111.509341911
854, 6_81, 24_106, -0.012000001967, 6977.13918243, 21, 89.2074735285, 91.1769707766
647, 14_110, 1_94, -0.012000001967, 8112.51628291, 90, 127.558666242, 125.876500322
726, 3_81, 0_65, 0.012000001967, 7598.64395936, 18, 111.509341911, 113.404820591
986, 25_83, 14_51, -0.012000001967, 6472.56701592, 510, 73.0, 73.48505517
855, 14_48, 28_83, 0.012000001967, 6948.57489046, 255, 105.619000816, 102.2
648, 0_44, 34_80, 0.011000001803, 8021.42744068, 48, 132.477067198, 129.767638493
727, 6_15, 14_25, 0.011000001803, 7513.483555, 323, 105.282097244, 107.618276019
987, 2_81, 0_79, -0.0080000013113, 6493.86605166, 16, 121.569294369, 127.558666242
856, 25_104, 14_78, -0.012000001967, 6977.77474058, 216, 91.1769707766, 89.2074735285
649, 41_70, 14_34, 0.011000001803, 8021.50324871, 85, 129.767638493, 132.477067198
728, 14_75, 3_57, -0.012000001967, 7596.73547699, 165, 111.509341911, 113.404820591
988, 24_77, 2_54, -0.00900000147521, 6418.90420752, 224, 88.8083329424, 93.864867407
857, 15_66, 3_67, -0.00900000147521, 47.3972616619, 5, 122.442857421, 97.2115905298
650, 45_53, 7_23, -0.012000001967, 8065.27263539, 36, 116.8, 117.103771644
729, 0_68, 24_103, -0.011000001803, 7486.96765955, 16, 143.298336813, 139.275123407
989, 3_70, 14_74, -0.0080000013113, 6490.99126354, 135, 127.558666242, 121.569294369
858, 14_47, 6_34, -0.011000001803, 6902.95472458, 51, 118.010395022, 122.442857421
651, 45_53, 24_32, 0.012000001967, 8065.26054786, 156, 116.8, 117.103771644
730, 15_80, 24_103, -0.0100000016391, 7451.45911656, 4, 134.869022883, 139.275123407
990, 14_49, 27_70, -0.00900000147521, 6416.22932009, 408, 93.864867407, 88.8083329424
859, 4_67, 24_98, -0.012000001967, 6988.12491292, 120, 88.0046210908, 87.6
652, 24_54, 7_23, 0.012000001967, 8043.25273397, 24, 118.010395022, 117.103771644
731, 0_67, 7_14, 0.0, 83.0783955162, 15, 130.858142022, 109.581081092
991, 14_118, 1_104, 0.00900000147521, 6459.28080541, 45, 141.803008901, 135.65696935
860, 26_94, 14_63, -0.012000001967, 6987.36451344, 340, 87.6, 88.0046210908
653, 14_87, 29_113, 0.012000001967, 8102.15389879, 48, 125.876500322, 124.742454682
732, 14_112, 0_95, -0.011000001803, 7465.35194422, 60, 122.442857421, 118.910106103
992, 24_94, 0_59, 0.011000001803, 6434.97932268, 588, 77.2559382831, 80.4105299904
861, 1_22, 0_13, 0.011000001803, 6897.51820682, 288, 83.0191142649, 81.2893596973
654, 24_112, 0_80, -0.011000001803, 8001.01454971, 15, 140.79730111, 137.993816287
733, 14_59, 30_94, 0.011000001803, 7466.29511207, 68, 130.858142022, 127.279849151
993, 0_60, 14_81, 0.011000001803, 6434.00250732, 651, 80.4105299904, 77.2559382831
862, 22_26, 5_7, -0.011000001803, 6896.74894881, 592, 83.0191142649, 81.2893596973
655, 34_66, 24_54, 0.012000001967, 7999.36992144, 96, 119.506150469, 118.010395022
734, 24_92, 15_66, 0.0100000016391, 7422.03569109, 10, 126.439708953, 122.442857421
994, 24_114, 0_87, 0.0100000016391, 6399.71035607, 294, 102.2, 107.618276019
863, 25_104, 0_72, 0.012000001967, 6938.73076354, 378, 91.1769707766, 93.864867407
656, 41_57, 14_15, -0.012000001967, 7999.31901252, 10, 119.506150469, 118.010395022
735, 30_83, 6_34, -0.0100000016391, 7421.22459759, 15, 126.439708953, 122.442857421
995, 14_125, 2_113, 0.0080000013113, 6512.65489638, 9, 156.113078675, 149.842762032
864, 0_74, 24_106, 0.012000001967, 6937.60708198, 441, 93.864867407, 91.1769707766
657, 3_70, 14_87, 0.012000001967, 8038.38990263, 108, 127.558666242, 125.876500322
736, 15_53, 0_32, 0.011000001803, 7445.02620809, 24, 110.549415798, 107.618276019
996, 25_113, 0_84, -0.0100000016391, 6397.01321043, 240, 102.2, 107.618276019
865, 4_67, 0_51, 0.012000001967, 6955.75702907, 60, 88.0046210908, 89.2074735285
737, 14_25, 6_24, 0.011000001803, 7444.28438941, 51, 107.618276019, 110.549415798
997, 4_83, 14_86, -0.0080000013113, 6532.35904008, 72, 141.803008901, 135.65696935
866, 2_45, 14_63, 0.012000001967, 6954.56586448, 255, 89.2074735285, 88.0046210908
738, 0_65, 24_101, 0.012000001967, 7518.17087144, 108, 113.404820591, 115.883907425
998, 2_22, 7_29, -0.0100000016391, 6390.91810525, 80, 68.9969081433, 72.0200897898
867, 24_78, 7_33, 0.0, 12.3493767154, 66, 101.151767162, 125.876500322
739, 29_94, 3_57, 0.012000001967, 7515.93208587, 88, 115.883907425, 113.404820591
999, 22_27, 11_24, 0.0100000016391, 6389.36532597, 96, 68.9969081433, 72.0200897898
868, 7_30, 1_22, 0.011000001803, 6857.95309753, 64, 85.5481930454, 83.0191142649
740, 14_90, 0_70, -0.012000001967, 7489.9161187, 198, 103.581143715, 102.547029861
869, 28_70, 14_48, 0.0100000016391, 6842.75807357, 306, 101.151767162, 105.619000816
741, 0_76, 24_108, 0.0130000021309, 7496.60556315, 255, 102.547029861, 102.2
870, 12_24, 22_26, -0.011000001803, 6856.81193257, 64, 85.5481930454, 83.0191142649
742, 0_70, 27_104, -0.0130000021309, 7496.34565225, 216, 102.547029861, 102.2
871, 24_121, 0_97, 0.0100000016391, 6839.04927219, 147, 114.029645268, 118.910106103
743, 14_90, 26_113, 0.012000001967, 7465.46471786, 110, 103.581143715, 105.282097244
872, 25_121, 0_95, -0.0100000016391, 6836.84960233, 120, 114.029645268, 118.910106103
744, 24_79, 15_53, 0.011000001803, 7359.51145734, 48, 114.029645268, 110.549415798
873, 14_92, 0_72, -0.012000001967, 6881.72728907, 126, 97.2115905298, 93.864867407
745, 24_56, 34_41, 0.0080000013113, 44.40047146, 100, 146.97011034, 102.2
874, 14_93, 0_74, 0.012000001967, 6880.06398869, 63, 97.2115905298, 93.864867407
746, 8_14, 25_42, -0.012000001967, 7404.67239014, 33, 94.9935436403, 94.9935436403
875, 24_89, 0_50, -0.034000005573, 205.294682432, 375, 91.1769707766, 80.4105299904
747, 4_81, 24_108, -0.0130000021309, 7483.77559256, 30, 102.547029861, 102.2
876, 27_83, 2_45, 0.012000001967, 6904.3162684, 300, 91.1769707766, 89.2074735285
748, 14_76, 27_104, 0.0130000021309, 7483.08209355, 180, 102.547029861, 102.2
877, 1_54, 7_53, 0.011000001803, 6847.17137021, 24, 105.619000816, 109.581081092
749, 1_67, 24_101, -0.012000001967, 7419.61877887, 60, 118.910106103, 115.883907425
878, 14_48, 5_34, -0.011000001803, 6844.22134896, 102, 105.619000816, 109.581081092
750, 24_41, 25_42, 0.012000001967, 7394.68193483, 275, 95.7386024548, 94.9935436403
879, 1_81, 0_80, -0.00900000147521, 6853.93271238, 10, 132.477067198, 137.993816287
751, 29_94, 14_60, -0.012000001967, 7417.07737333, 136, 115.883907425, 118.910106103
880, 14_126, 1_113, 0.00900000147521, 6845.39975661, 11, 151.961617961, 146.243130893
752, 24_115, 0_87, -0.012000001967, 7420.96266772, 252, 105.282097244, 107.618276019
881, 14_73, 14_78, 0.00500000081956, 61.458368514, 180, 132.477067198, 89.2074735285
753, 26_113, 0_84, 0.012000001967, 7421.68093796, 200, 105.282097244, 107.618276019
882, 1_67, 0_66, -0.00900000147521, 6819.73724231, 30, 118.910106103, 124.171548002
754, 24_103, 0_81, -0.00900000147521, 7337.0549388, 8, 139.275123407, 144.04017958
883, 7_30, 24_64, -0.011000001803, 6802.83401309, 232, 85.5481930454, 88.8083329424
755, 15_80, 0_65, 0.0, 65.5776043381, 9, 134.869022883, 113.404820591
884, 4_57, 14_60, -0.00900000147521, 6817.71580142, 136, 124.171548002, 118.910106103
756, 0_22, 24_41, 0.012000001967, 7364.55389035, 200, 97.2115905298, 95.7386024548
885, 12_24, 28_57, 0.011000001803, 6801.33674822, 104, 85.5481930454, 88.8083329424
757, 6_7, 22_25, 0.012000001967, 7364.09608677, 416, 95.7386024548, 97.2115905298
886, 14_119, 0_104, 0.00900000147521, 6802.0962648, 54, 137.993816287, 132.477067198
758, 4_81, 0_64, 0.012000001967, 7448.78926625, 24, 102.547029861, 103.581143715
887, 24_113, 14_93, 0.011000001803, 6816.17492728, 42, 101.151767162, 97.2115905298
759, 14_59, 6_45, -0.011000001803, 7342.14672216, 51, 130.858142022, 134.869022883
888, 24_113, 14_92, -0.011000001803, 6817.8924093, 84, 101.151767162, 97.2115905298
760, 2_57, 14_76, 0.0130000021309, 7447.50713816, 210, 103.581143715, 102.547029861
889, 24_80, 15_66, -0.0100000016391, 6779.27501258, 10, 127.279849151, 122.442857421
761, 24_92, 0_67, -0.0100000016391, 7315.69141677, 50, 126.439708953, 130.858142022
890, 30_70, 6_34, 0.0100000016391, 6775.69816778, 18, 127.279849151, 122.442857421
762, 14_59, 30_83, -0.0100000016391, 7314.82495129, 85, 130.858142022, 126.439708953
891, 14_85, 5_83, 0.0080000013113, 6881.04364226, 36, 146.243130893, 151.961617961
763, 14_102, 0_84, -0.012000001967, 7359.10905079, 120, 110.549415798, 107.618276019
892, 2_54, 24_89, -0.012000001967, 6838.77209219, 200, 93.864867407, 91.1769707766
764, 15_41, 0_23, 0.0210000034422, 806.840972396, 36, 99.3801455691, 111.509341911
893, 27_83, 14_49, -0.012000001967, 6836.82524825, 340, 91.1769707766, 93.864867407
765, 13_24, 22_25, -0.011000001803, 7318.91996459, 32, 99.3801455691, 97.2115905298
894, 1_54, 0_53, -0.00900000147521, 6753.3701391, 48, 105.619000816, 110.549415798
766, 0_64, 24_100, 0.012000001967, 7397.1403932, 192, 103.581143715, 105.282097244
895, 14_48, 4_45, 0.00900000147521, 6751.20917519, 153, 105.619000816, 110.549415798
767, 2_57, 28_94, -0.012000001967, 7395.44107749, 168, 103.581143715, 105.282097244
896, 14_111, 0_95, 0.0100000016391, 6745.51781539, 100, 124.171548002, 118.910106103
768, 24_79, 0_54, -0.0100000016391, 7265.74655754, 128, 114.029645268, 118.010395022
897, 1_42, 24_64, 0.0100000016391, 6739.70530352, 261, 92.7224532319, 88.8083329424
769, 14_47, 29_70, -0.0100000016391, 7264.61471415, 204, 118.010395022, 114.029645268
898, 28_57, 14_37, 0.0100000016391, 6737.89089526, 442, 88.8083329424, 92.7224532319
770, 1_67, 7_66, 0.011000001803, 7305.44137698, 15, 118.910106103, 122.442857421
899, 24_113, 0_87, 0.0330000054091, 482.825069604, 294, 101.151767162, 107.618276019
771, 5_45, 14_60, 0.011000001803, 7302.50025237, 102, 122.442857421, 118.910106103
900, 24_113, 14_82, 0.00100000016391, 29.7043274985, 406, 101.151767162, 81.2893596973
772, 24_65, 15_41, 0.011000001803, 7260.71729499, 132, 102.2, 99.3801455691
901, 24_79, 7_53, -0.011000001803, 6738.1161102, 48, 114.029645268, 109.581081092
773, 25_121, 14_102, -0.011000001803, 7281.47127266, 36, 114.029645268, 110.549415798
902, 5_34, 29_70, -0.011000001803, 6734.95657158, 72, 109.581081092, 114.029645268
774, 29_57, 13_24, -0.011000001803, 7259.77191912, 38, 102.2, 99.3801455691
903, 0_41, 2_54, -0.012000001967, 6754.96438834, 48, 97.2115905298, 93.864867407
775, 24_100, 2_67, 0.012000001967, 7327.07614608, 80, 105.282097244, 107.618276019
904, 14_95, 6_94, 0.0080000013113, 6886.30865003, 7, 160.156964673, 166.03822853
776, 28_94, 14_61, -0.012000001967, 7325.03594791, 204, 105.282097244, 107.618276019
905, 14_49, 4_34, -0.012000001967, 6752.67770438, 153, 93.864867407, 97.2115905298
777, 24_93, 57_93, 0.00100000016391, 22.6166902675, 10, 139.275123407, 148.17381685
906, 24_111, 0_66, 0.00900000147521, 6718.95993457, 36, 129.767638493, 124.171548002
778, 14_127, 0_113, 0.0100000016391, 7197.46170629, 13, 149.129786875, 144.04017958
907, 0_5, 2_14, -0.011000001803, 6688.06427713, 276, 73.0, 73.48505517
779, 7_80, 0_66, -0.0160000026226, 1438.05908104, 18, 135.65696935, 124.171548002
908, 4_57, 30_104, 0.00900000147521, 6716.81337234, 24, 124.171548002, 129.767638493
780, 14_59, 5_57, 0.00900000147521, 7201.91469549, 85, 130.858142022, 135.65696935
909, 0_5, 26_31, 0.011000001803, 6687.83321548, 644, 73.0, 73.48505517
781, 7_93, 0_81, 0.00900000147521, 7222.86040554, 4, 149.129786875, 144.04017958
910, 1_42, 0_41, -0.0100000016391, 6668.88470968, 54, 92.7224532319, 97.2115905298
782, 14_72, 5_70, 0.00900000147521, 7222.08462113, 45, 144.04017958, 149.129786875
911, 5_67, 14_82, -0.012000001967, 6748.08755302, 87, 80.4105299904, 81.2893596973
783, 0_42, 24_65, 0.011000001803, 7185.56504654, 198, 105.619000816, 102.2
912, 25_94, 14_64, -0.012000001967, 6748.13879562, 360, 81.2893596973, 80.4105299904
784, 29_57, 14_36, 0.011000001803, 7184.42199063, 323, 102.2, 105.619000816
913, 4_34, 14_37, -0.0100000016391, 6666.75703669, 153, 97.2115905298, 92.7224532319
785, 25_121, 0_96, 0.011000001803, 7200.71429442, 126, 114.029645268, 118.010395022
914, 0_61, 0_85, -0.00100000016391, 29.6880186744, 420, 83.0191142649, 105.619000816
786, 24_121, 0_96, -0.011000001803, 7198.98894947, 147, 114.029645268, 118.010395022
915, 25_94, 0_58, 0.012000001967, 6737.35477444, 504, 81.2893596973, 83.0191142649
787, 0_54, 7_66, -0.0100000016391, 7168.5505838, 24, 118.010395022, 122.442857421
916, 7_56, 34_93, -0.00900000147521, 6669.54332471, 12, 146.243130893, 140.79730111
917, 24_120, 0_80, 0.0080000013113, 6758.8670042, 10, 143.793323906, 137.993816287
