,sep,sep2,dT,peak,mult,bl1,bl2
0, 91_107, 91_107, 0.0, 12127.9726, 49, 233.752033859, 233.752033859
1, 20_196, 20_196, 0.0, 12127.9726, 100, 198.22334205, 198.22334205
2, 20_190, 20_190, 0.0, 12127.9726, 36, 139.275123407, 139.275123407
3, 20_191, 20_191, 0.0, 12127.9726, 36, 140.79730111, 140.79730111
4, 20_192, 20_192, 0.0, 12127.9726, 16, 143.793323906, 143.793323906
5, 20_193, 20_193, 0.0, 12127.9726, 16, 226.809641182, 226.809641182
6, 20_76, 20_76, 0.0, 12127.9726, 4, 187.729734814, 187.729734814
7, 20_77, 20_77, 0.0, 12127.9726, 16, 174.183160304, 174.183160304
8, 20_197, 20_197, 0.0, 12127.9726, 100, 189.987087281, 189.987087281
9, 20_79, 20_79, 0.0, 12127.9726, 121, 147.69351148, 147.69351148
10, 9_231, 9_231, 0.0, 12127.9726, 1, 187.729734814, 187.729734814
11, 5_102, 5_102, 0.0, 12127.9726, 361, 89.2074735285, 89.2074735285
12, 21_59, 21_59, 0.0, 12127.9726, 225, 183.712637925, 183.712637925
13, 9_232, 9_232, 0.0, 12127.9726, 1, 240.936865866, 240.936865866
14, 0_175, 0_175, 0.0, 12127.9726, 144, 209.718891217, 209.718891217
15, 20_64, 20_64, 0.0, 12127.9726, 169, 135.65696935, 135.65696935
16, 20_148, 20_148, 0.0, 12127.9726, 484, 184.869287155, 184.869287155
17, 98_232, 98_232, 0.0, 12127.9726, 16, 119.506150469, 119.506150469
18, 1_91, 1_91, 0.0, 12127.9726, 1764, 118.010395022, 118.010395022
19, 4_189, 4_189, 0.0, 12127.9726, 100, 167.95289022, 167.95289022
20, 91_229, 91_229, 0.0, 12127.9726, 16, 215.071429995, 215.071429995
21, 2_220, 2_220, 0.0, 12127.9726, 225, 196.060840897, 196.060840897
22, 91_123, 91_123, 0.0, 12127.9726, 196, 211.741949867, 211.741949867
23, 7_178, 7_178, 0.0, 12127.9726, 36, 199.295793567, 199.295793567
24, 2_20, 2_20, 0.0, 12127.9726, 784, 117.103771644, 117.103771644
25, 2_21, 2_21, 0.0, 12127.9726, 13689, 50.575883581, 50.575883581
26, 100_220, 100_220, 0.0, 12127.9726, 16, 124.742454682, 124.742454682
27, 20_199, 20_199, 0.0, 12127.9726, 100, 176.009242182, 176.009242182
28, 60_101, 60_101, 0.0, 12127.9726, 576, 127.558666242, 127.558666242
29, 60_100, 60_100, 0.0, 12127.9726, 676, 113.404820591, 113.404820591
30, 0_218, 0_218, 0.0, 12127.9726, 9, 231.00011544, 231.00011544
31, 20_203, 20_203, 0.0, 12127.9726, 100, 160.821059981, 160.821059981
32, 60_108, 60_108, 0.0, 12127.9726, 9, 227.279064881, 227.279064881
33, 20_149, 20_149, 0.0, 12127.9726, 625, 174.183160304, 174.183160304
34, 0_236, 0_236, 0.0, 12127.9726, 49, 216.716989028, 216.716989028
35, 3_21, 3_21, 0.0, 12127.9726, 9025, 63.6399245757, 63.6399245757
36, 3_20, 3_20, 0.0, 12127.9726, 784, 102.547029861, 102.547029861
37, 20_230, 20_230, 0.0, 12127.9726, 9, 185.444906464, 185.444906464
38, 32_46, 32_46, 0.0, 12127.9726, 36, 184.869287155, 184.869287155
39, 87_91, 87_91, 0.0, 12127.9726, 484, 198.22334205, 198.22334205
40, 20_234, 20_234, 0.0, 12127.9726, 1, 226.339243909, 226.339243909
41, 20_237, 20_237, 0.0, 12127.9726, 1, 208.700007986, 208.700007986
42, 20_236, 20_236, 0.0, 12127.9726, 1, 213.745861558, 213.745861558
43, 20_231, 20_231, 0.0, 12127.9726, 1, 177.616665885, 177.616665885
44, 20_171, 20_171, 0.0, 12127.9726, 441, 141.803008901, 141.803008901
45, 0_237, 0_237, 0.0, 12127.9726, 36, 221.580354123, 221.580354123
46, 20_232, 20_232, 0.0, 12127.9726, 1, 241.819960577, 241.819960577
47, 0_68, 0_68, 0.0, 12127.9726, 2304, 102.2, 102.2
48, 0_69, 0_69, 0.0, 12127.9726, 1369, 114.029645268, 114.029645268
49, 0_120, 0_120, 0.0, 12127.9726, 1156, 146.243130893, 146.243130893
50, 0_62, 0_62, 0.0, 12127.9726, 7056, 63.6399245757, 63.6399245757
51, 0_63, 0_63, 0.0, 12127.9726, 7921, 63.6399245757, 63.6399245757
52, 20_238, 20_238, 0.0, 12127.9726, 1, 204.573735688, 204.573735688
53, 20_239, 20_239, 0.0, 12127.9726, 1, 201.423566976, 201.423566976
54, 0_174, 0_174, 0.0, 12127.9726, 196, 198.760291138, 198.760291138
55, 33_137, 33_137, 0.0, 12127.9726, 169, 147.69351148, 147.69351148
56, 4_162, 4_162, 0.0, 12127.9726, 441, 167.95289022, 167.95289022
57, 20_168, 20_168, 0.0, 12127.9726, 441, 160.821059981, 160.821059981
58, 20_169, 20_169, 0.0, 12127.9726, 441, 153.357925564, 153.357925564
59, 31_230, 31_230, 0.0, 12127.9726, 9, 172.955061601, 172.955061601
60, 20_142, 20_142, 0.0, 12127.9726, 1089, 105.282097244, 105.282097244
61, 20_130, 20_130, 0.0, 12127.9726, 676, 182.54866018, 182.54866018
62, 20_163, 20_163, 0.0, 12127.9726, 121, 209.718891217, 209.718891217
63, 20_160, 20_160, 0.0, 12127.9726, 361, 119.506150469, 119.506150469
64, 20_143, 20_143, 0.0, 12127.9726, 1024, 110.227582755, 110.227582755
65, 20_166, 20_166, 0.0, 12127.9726, 400, 178.414947057, 178.414947057
66, 31_188, 31_188, 0.0, 12127.9726, 225, 135.65696935, 135.65696935
67, 20_164, 20_164, 0.0, 12127.9726, 225, 198.760291138, 198.760291138
68, 20_165, 20_165, 0.0, 12127.9726, 324, 188.296609989, 188.296609989
69, 1_162, 1_162, 0.0, 12127.9726, 1521, 149.842762032, 149.842762032
70, 7_56, 7_56, 0.0, 12127.9726, 225, 51.2735149306, 51.2735149306
71, 0_61, 0_61, 0.0, 12127.9726, 5929, 66.9056051464, 66.9056051464
72, 20_63, 20_63, 0.0, 12127.9726, 81, 149.129786875, 149.129786875
73, 2_145, 2_145, 0.0, 12127.9726, 1225, 146.243130893, 146.243130893
74, 5_56, 5_56, 0.0, 12127.9726, 784, 68.9969081433, 68.9969081433
75, 20_61, 20_61, 0.0, 12127.9726, 16, 176.6137405, 176.6137405
76, 91_156, 91_156, 0.0, 12127.9726, 441, 184.869287155, 184.869287155
77, 2_120, 2_120, 0.0, 12127.9726, 1156, 125.876500322, 125.876500322
78, 20_60, 20_60, 0.0, 12127.9726, 9, 190.547246984, 190.547246984
79, 31_98, 31_98, 0.0, 12127.9726, 2704, 118.910106103, 118.910106103
80, 1_20, 1_20, 0.0, 12127.9726, 784, 131.670092782, 131.670092782
81, 31_99, 31_99, 0.0, 12127.9726, 2704, 107.618276019, 107.618276019
82, 31_96, 31_96, 0.0, 12127.9726, 2704, 143.298336813, 143.298336813
83, 31_97, 31_97, 0.0, 12127.9726, 2704, 130.858142022, 130.858142022
84, 31_94, 31_94, 0.0, 12127.9726, 1681, 169.2172962, 169.2172962
85, 31_95, 31_95, 0.0, 12127.9726, 2209, 156.113078675, 156.113078675
86, 20_65, 20_65, 0.0, 12127.9726, 289, 122.442857421, 122.442857421
87, 10_217, 10_217, 0.0, 12127.9726, 36, 223.018683821, 223.018683821
88, 1_21, 1_21, 0.0, 12127.9726, 19881, 38.6279691415, 38.6279691415
89, 3_145, 3_145, 0.0, 12127.9726, 784, 153.357925564, 153.357925564
90, 9_56, 9_56, 0.0, 12127.9726, 361, 46.9324337035, 46.9324337035
91, 0_147, 0_147, 0.0, 12127.9726, 3481, 130.858142022, 130.858142022
92, 91_105, 91_105, 0.0, 12127.9726, 324, 204.573735688, 204.573735688
93, 0_145, 0_145, 0.0, 12127.9726, 2401, 135.65696935, 135.65696935
94, 45_60, 45_60, 0.0, 12127.9726, 9, 199.295793567, 199.295793567
95, 4_70, 4_70, 0.0, 12127.9726, 961, 83.0191142649, 83.0191142649
96, 4_75, 4_75, 0.0, 12127.9726, 100, 127.279849151, 127.279849151
97, 8_75, 8_75, 0.0, 12127.9726, 4, 177.616665885, 177.616665885
98, 7_120, 7_120, 0.0, 12127.9726, 324, 97.2115905298, 97.2115905298
99, 6_156, 6_156, 0.0, 12127.9726, 169, 127.558666242, 127.558666242
100, 4_178, 4_178, 0.0, 12127.9726, 400, 175.402660565, 175.402660565
101, 8_70, 8_70, 0.0, 12127.9726, 400, 59.0051975112, 59.0051975112
102, 7_127, 7_127, 0.0, 12127.9726, 36, 187.729734814, 187.729734814
103, 4_218, 4_218, 0.0, 12127.9726, 9, 197.145056578, 197.145056578
104, 46_155, 46_155, 0.0, 12127.9726, 81, 160.156964673, 160.156964673
105, 31_93, 31_93, 0.0, 12127.9726, 1156, 182.54866018, 182.54866018
106, 31_91, 31_91, 0.0, 12127.9726, 289, 209.718891217, 209.718891217
107, 21_144, 21_144, 0.0, 12127.9726, 25, 234.662168517, 234.662168517
108, 0_215, 0_215, 0.0, 12127.9726, 144, 211.741949867, 211.741949867
109, 33_91, 33_91, 0.0, 12127.9726, 1156, 65.8350463912, 65.8350463912
110, 33_92, 33_92, 0.0, 12127.9726, 1369, 59.0051975112, 59.0051975112
111, 33_93, 33_93, 0.0, 12127.9726, 1444, 55.2747078991, 55.2747078991
112, 0_216, 0_216, 0.0, 12127.9726, 81, 219.64793041, 219.64793041
113, 0_217, 0_217, 0.0, 12127.9726, 36, 228.215015574, 228.215015574
114, 0_214, 0_214, 0.0, 12127.9726, 225, 204.573735688, 204.573735688
115, 33_98, 33_98, 0.0, 12127.9726, 841, 85.5481930454, 85.5481930454
116, 21_217, 21_217, 0.0, 12127.9726, 36, 218.67531487, 218.67531487
117, 33_99, 33_99, 0.0, 12127.9726, 729, 97.2115905298, 97.2115905298
118, 20_201, 20_201, 0.0, 12127.9726, 100, 166.03822853, 166.03822853
119, 0_211, 0_211, 0.0, 12127.9726, 576, 188.296609989, 188.296609989
120, 9_127, 9_127, 0.0, 12127.9726, 1, 211.238001632, 211.238001632
121, 9_120, 9_120, 0.0, 12127.9726, 676, 99.3801455691, 99.3801455691
122, 74_75, 74_75, 0.0, 12127.9726, 1, 219.64793041, 219.64793041
123, 6_33, 6_33, 0.0, 12127.9726, 900, 115.883907425, 115.883907425
124, 33_97, 33_97, 0.0, 12127.9726, 900, 74.9213810159, 74.9213810159
125, 33_96, 33_96, 0.0, 12127.9726, 900, 65.8350463912, 65.8350463912
126, 33_95, 33_95, 0.0, 12127.9726, 1156, 59.0051975112, 59.0051975112
127, 33_94, 33_94, 0.0, 12127.9726, 1369, 55.2747078991, 55.2747078991
128, 0_130, 0_130, 0.0, 12127.9726, 3721, 118.010395022, 118.010395022
129, 20_66, 20_66, 0.0, 12127.9726, 441, 109.581081092, 109.581081092
130, 0_132, 0_132, 0.0, 12127.9726, 3481, 121.569294369, 121.569294369
131, 0_133, 0_133, 0.0, 12127.9726, 3025, 125.876500322, 125.876500322
132, 0_134, 0_134, 0.0, 12127.9726, 2401, 131.670092782, 131.670092782
133, 0_135, 0_135, 0.0, 12127.9726, 1764, 138.764020313, 138.764020313
134, 0_136, 0_136, 0.0, 12127.9726, 1225, 146.97011034, 146.97011034
135, 20_67, 20_67, 0.0, 12127.9726, 625, 97.2115905298, 97.2115905298
136, 0_138, 0_138, 0.0, 12127.9726, 784, 160.156964673, 160.156964673
137, 0_139, 0_139, 0.0, 12127.9726, 729, 171.096386091, 171.096386091
138, 7_156, 7_156, 0.0, 12127.9726, 144, 124.171548002, 124.171548002
139, 99_220, 99_220, 0.0, 12127.9726, 36, 116.8, 116.8
140, 0_60, 0_60, 0.0, 12127.9726, 4624, 73.0, 73.0
141, 0_66, 0_66, 0.0, 12127.9726, 5776, 81.2893596973, 81.2893596973
142, 91_201, 91_201, 0.0, 12127.9726, 144, 177.616665885, 177.616665885
143, 4_120, 4_120, 0.0, 12127.9726, 441, 109.581081092, 109.581081092
144, 8_145, 8_145, 0.0, 12127.9726, 9, 201.423566976, 201.423566976
145, 1_60, 1_60, 0.0, 12127.9726, 2601, 81.2893596973, 81.2893596973
146, 0_140, 0_140, 0.0, 12127.9726, 625, 182.54866018, 182.54866018
147, 0_226, 0_226, 0.0, 12127.9726, 121, 212.746265145, 212.746265145
148, 10_188, 10_188, 0.0, 12127.9726, 225, 194.42318106, 194.42318106
149, 4_127, 4_127, 0.0, 12127.9726, 441, 156.113078675, 156.113078675
150, 20_159, 20_159, 0.0, 12127.9726, 400, 115.883907425, 115.883907425
151, 19_20, 19_20, 0.0, 12127.9726, 36, 22.3018683821, 22.3018683821
152, 0_141, 0_141, 0.0, 12127.9726, 484, 194.42318106, 194.42318106
153, 0_220, 0_220, 0.0, 12127.9726, 361, 193.874220394, 193.874220394
154, 20_154, 20_154, 0.0, 12127.9726, 784, 132.477067198, 132.477067198
155, 20_155, 20_155, 0.0, 12127.9726, 784, 127.558666242, 127.558666242
156, 20_156, 20_156, 0.0, 12127.9726, 121, 115.883907425, 115.883907425
157, 20_157, 20_157, 0.0, 12127.9726, 256, 114.029645268, 114.029645268
158, 0_143, 0_143, 0.0, 12127.9726, 169, 219.162162184, 219.162162184
159, 10_90, 10_90, 0.0, 12127.9726, 324, 198.760291138, 198.760291138
160, 95_120, 95_120, 0.0, 12127.9726, 1225, 109.581081092, 109.581081092
161, 3_207, 3_207, 0.0, 12127.9726, 324, 188.296609989, 188.296609989
162, 46_108, 46_108, 0.0, 12127.9726, 36, 221.580354123, 221.580354123
163, 91_108, 91_108, 0.0, 12127.9726, 9, 248.343096005, 248.343096005
164, 20_220, 20_220, 0.0, 12127.9726, 4, 236.020790045, 236.020790045
165, 46_101, 46_101, 0.0, 12127.9726, 441, 124.171548002, 124.171548002
166, 46_100, 46_100, 0.0, 12127.9726, 576, 110.549415798, 110.549415798
167, 20_235, 20_235, 0.0, 12127.9726, 1, 219.64793041, 219.64793041
168, 2_138, 2_138, 0.0, 12127.9726, 784, 140.291743639, 140.291743639
169, 33_108, 33_108, 0.0, 12127.9726, 81, 216.716989028, 216.716989028
170, 5_85, 5_85, 0.0, 12127.9726, 400, 80.4105299904, 80.4105299904
171, 93_156, 93_156, 0.0, 12127.9726, 441, 156.113078675, 156.113078675
172, 93_189, 93_189, 0.0, 12127.9726, 100, 176.6137405, 176.6137405
173, 6_189, 6_189, 0.0, 12127.9726, 100, 156.113078675, 156.113078675
174, 91_240, 91_240, 0.0, 12127.9726, 9, 215.071429995, 215.071429995
175, 31_242, 31_242, 0.0, 12127.9726, 1, 186.018744575, 186.018744575
176, 20_150, 20_150, 0.0, 12127.9726, 729, 164.101228921, 164.101228921
177, 20_151, 20_151, 0.0, 12127.9726, 784, 154.74163413, 154.74163413
178, 101_102, 101_102, 0.0, 12127.9726, 81, 16.8586278603, 16.8586278603
179, 20_123, 20_123, 0.0, 12127.9726, 1936, 88.8083329424, 88.8083329424
180, 33_144, 33_144, 0.0, 12127.9726, 16, 237.371635486, 237.371635486
181, 101_207, 101_207, 0.0, 12127.9726, 9, 129.767638493, 129.767638493
182, 20_128, 20_128, 0.0, 12127.9726, 225, 206.647171123, 206.647171123
183, 32_91, 32_91, 0.0, 12127.9726, 64, 223.496070062, 223.496070062
184, 9_138, 9_138, 0.0, 12127.9726, 441, 110.549415798, 110.549415798
185, 20_120, 20_120, 0.0, 12127.9726, 529, 95.7386024548, 95.7386024548
186, 20_122, 20_122, 0.0, 12127.9726, 1521, 88.8083329424, 88.8083329424
187, 100_102, 100_102, 0.0, 12127.9726, 289, 30.3923235922, 30.3923235922
188, 20_125, 20_125, 0.0, 12127.9726, 2304, 95.7386024548, 95.7386024548
189, 20_124, 20_124, 0.0, 12127.9726, 2209, 91.1769707766, 91.1769707766
190, 20_127, 20_127, 0.0, 12127.9726, 64, 219.162162184, 219.162162184
191, 20_126, 20_126, 0.0, 12127.9726, 2209, 102.2, 102.2
192, 0_223, 0_223, 0.0, 12127.9726, 289, 198.760291138, 198.760291138
193, 33_172, 33_172, 0.0, 12127.9726, 100, 174.183160304, 174.183160304
194, 3_218, 3_218, 0.0, 12127.9726, 9, 204.573735688, 204.573735688
195, 0_14, 0_14, 0.0, 12127.9726, 16384, 52.6410486218, 52.6410486218
196, 0_45, 0_45, 0.0, 12127.9726, 784, 164.101228921, 164.101228921
197, 33_101, 33_101, 0.0, 12127.9726, 400, 122.442857421, 122.442857421
198, 21_101, 21_101, 0.0, 12127.9726, 441, 122.442857421, 122.442857421
199, 21_91, 21_91, 0.0, 12127.9726, 1600, 80.4105299904, 80.4105299904
200, 21_92, 21_92, 0.0, 12127.9726, 1936, 73.48505517, 73.48505517
201, 21_93, 21_93, 0.0, 12127.9726, 2116, 68.9969081433, 68.9969081433
202, 21_94, 21_94, 0.0, 12127.9726, 2116, 67.4345114413, 67.4345114413
203, 21_95, 21_95, 0.0, 12127.9726, 1936, 68.9969081433, 68.9969081433
204, 21_96, 21_96, 0.0, 12127.9726, 1600, 73.48505517, 73.48505517
205, 21_97, 21_97, 0.0, 12127.9726, 1225, 80.4105299904, 80.4105299904
206, 21_98, 21_98, 0.0, 12127.9726, 1089, 89.2074735285, 89.2074735285
207, 21_99, 21_99, 0.0, 12127.9726, 900, 99.3801455691, 99.3801455691
208, 91_158, 91_158, 0.0, 12127.9726, 100, 213.745861558, 213.745861558
209, 91_106, 91_106, 0.0, 12127.9726, 144, 219.162162184, 219.162162184
210, 8_204, 8_204, 0.0, 12127.9726, 16, 162.797092521, 162.797092521
211, 20_223, 20_223, 0.0, 12127.9726, 9, 211.741949867, 211.741949867
212, 92_218, 92_218, 0.0, 12127.9726, 9, 212.746265145, 212.746265145
213, 0_67, 0_67, 0.0, 12127.9726, 3721, 91.1769707766, 91.1769707766
214, 92_102, 92_102, 0.0, 12127.9726, 1764, 146.243130893, 146.243130893
215, 3_56, 3_56, 0.0, 12127.9726, 1369, 92.7224532319, 92.7224532319
216, 46_74, 46_74, 0.0, 12127.9726, 36, 204.573735688, 204.573735688
217, 0_99, 0_99, 0.0, 12127.9726, 1764, 109.581081092, 109.581081092
218, 0_98, 0_98, 0.0, 12127.9726, 2401, 102.547029861, 102.547029861
219, 8_162, 8_162, 0.0, 12127.9726, 9, 204.573735688, 204.573735688
220, 7_162, 7_162, 0.0, 12127.9726, 36, 194.42318106, 194.42318106
221, 93_102, 93_102, 0.0, 12127.9726, 1764, 131.670092782, 131.670092782
222, 0_91, 0_91, 0.0, 12127.9726, 2401, 109.581081092, 109.581081092
223, 2_189, 2_189, 0.0, 12127.9726, 100, 183.712637925, 183.712637925
224, 10_59, 10_59, 0.0, 12127.9726, 441, 178.414947057, 178.414947057
225, 5_10, 5_10, 0.0, 12127.9726, 6241, 81.2893596973, 81.2893596973
226, 0_219, 0_219, 0.0, 12127.9726, 4, 240.936865866, 240.936865866
227, 46_90, 46_90, 0.0, 12127.9726, 36, 212.746265145, 212.746265145
228, 8_91, 8_91, 0.0, 12127.9726, 9, 198.22334205, 198.22334205
229, 31_119, 31_119, 0.0, 12127.9726, 1521, 94.9935436403, 94.9935436403
230, 0_92, 0_92, 0.0, 12127.9726, 3025, 102.547029861, 102.547029861
231, 2_70, 2_70, 0.0, 12127.9726, 1600, 105.619000816, 105.619000816
232, 0_202, 0_202, 0.0, 12127.9726, 196, 205.094059722, 205.094059722
233, 0_64, 0_64, 0.0, 12127.9726, 8464, 66.9056051464, 66.9056051464
234, 0_65, 0_65, 0.0, 12127.9726, 8649, 73.0, 73.0
235, 0_176, 0_176, 0.0, 12127.9726, 81, 221.098831596, 221.098831596
236, 4_31, 4_31, 0.0, 12127.9726, 961, 83.0191142649, 83.0191142649
237, 9_91, 9_91, 0.0, 12127.9726, 1, 211.238001632, 211.238001632
238, 4_33, 4_33, 0.0, 12127.9726, 2704, 88.8083329424, 88.8083329424
239, 1_138, 1_138, 0.0, 12127.9726, 784, 149.842762032, 149.842762032
240, 0_93, 0_93, 0.0, 12127.9726, 3481, 97.2115905298, 97.2115905298
241, 10_144, 10_144, 0.0, 12127.9726, 36, 232.838341631, 232.838341631
242, 0_222, 0_222, 0.0, 12127.9726, 361, 196.060840897, 196.060840897
243, 0_97, 0_97, 0.0, 12127.9726, 3025, 97.2115905298, 97.2115905298
244, 0_96, 0_96, 0.0, 12127.9726, 3481, 93.864867407, 93.864867407
245, 0_95, 0_95, 0.0, 12127.9726, 3721, 92.7224532319, 92.7224532319
246, 0_94, 0_94, 0.0, 12127.9726, 3721, 93.864867407, 93.864867407
247, 0_173, 0_173, 0.0, 12127.9726, 225, 188.296609989, 188.296609989
248, 0_172, 0_172, 0.0, 12127.9726, 441, 184.869287155, 184.869287155
249, 0_171, 0_171, 0.0, 12127.9726, 729, 176.009242182, 176.009242182
250, 3_102, 3_102, 0.0, 12127.9726, 784, 102.547029861, 102.547029861
251, 20_99, 20_99, 0.0, 12127.9726, 2304, 121.569294369, 121.569294369
252, 92_173, 92_173, 0.0, 12127.9726, 225, 180.198150194, 180.198150194
253, 56_100, 56_100, 0.0, 12127.9726, 1681, 68.9969081433, 68.9969081433
254, 56_101, 56_101, 0.0, 12127.9726, 1089, 59.0051975112, 59.0051975112
255, 20_224, 20_224, 0.0, 12127.9726, 9, 205.094059722, 205.094059722
256, 33_59, 33_59, 0.0, 12127.9726, 100, 189.987087281, 189.987087281
257, 10_242, 10_242, 0.0, 12127.9726, 1, 251.753000644, 251.753000644
258, 0_170, 0_170, 0.0, 12127.9726, 1089, 167.95289022, 167.95289022
259, 3_109, 3_109, 0.0, 12127.9726, 784, 141.803008901, 141.803008901
260, 2_75, 2_75, 0.0, 12127.9726, 400, 105.282097244, 105.282097244
261, 6_70, 6_70, 0.0, 12127.9726, 324, 65.8350463912, 65.8350463912
262, 46_98, 46_98, 0.0, 12127.9726, 729, 84.2931393017, 84.2931393017
263, 43_91, 43_91, 0.0, 12127.9726, 576, 198.760291138, 198.760291138
264, 6_75, 6_75, 0.0, 12127.9726, 16, 151.727650743, 151.727650743
265, 20_98, 20_98, 0.0, 12127.9726, 2304, 132.477067198, 132.477067198
266, 20_97, 20_97, 0.0, 12127.9726, 2304, 144.04017958, 144.04017958
267, 20_96, 20_96, 0.0, 12127.9726, 1936, 156.113078675, 156.113078675
268, 20_95, 20_95, 0.0, 12127.9726, 1521, 168.586278603, 168.586278603
269, 20_94, 20_94, 0.0, 12127.9726, 1089, 181.377212828, 181.377212828
270, 20_93, 20_93, 0.0, 12127.9726, 676, 194.42318106, 194.42318106
271, 0_32, 0_32, 0.0, 12127.9726, 784, 154.74163413, 154.74163413
272, 20_91, 20_91, 0.0, 12127.9726, 81, 221.098831596, 221.098831596
273, 93_204, 93_204, 0.0, 12127.9726, 36, 187.729734814, 187.729734814
274, 14_20, 14_20, 0.0, 12127.9726, 441, 94.9935436403, 94.9935436403
275, 0_178, 0_178, 0.0, 12127.9726, 1600, 157.472579624, 157.472579624
276, 0_179, 0_179, 0.0, 12127.9726, 1936, 156.113078675, 156.113078675
277, 20_228, 20_228, 0.0, 12127.9726, 9, 187.729734814, 187.729734814
278, 43_101, 43_101, 0.0, 12127.9726, 1521, 73.48505517, 73.48505517
279, 43_100, 43_100, 0.0, 12127.9726, 2209, 83.0191142649, 83.0191142649
280, 7_193, 7_193, 0.0, 12127.9726, 36, 205.094059722, 205.094059722
281, 0_177, 0_177, 0.0, 12127.9726, 25, 232.838341631, 232.838341631
282, 0_146, 0_146, 0.0, 12127.9726, 3025, 132.477067198, 132.477067198
283, 91_101, 91_101, 0.0, 12127.9726, 100, 146.0, 146.0
284, 0_144, 0_144, 0.0, 12127.9726, 49, 231.921049785, 231.921049785
285, 20_225, 20_225, 0.0, 12127.9726, 9, 199.295793567, 199.295793567
286, 46_91, 46_91, 0.0, 12127.9726, 729, 51.2735149305, 51.2735149305
287, 46_92, 46_92, 0.0, 12127.9726, 841, 44.6037367642, 44.6037367642
288, 46_93, 46_93, 0.0, 12127.9726, 841, 42.1465696508, 42.1465696508
289, 8_31, 8_31, 0.0, 12127.9726, 169, 30.3923235922, 30.3923235922
290, 20_227, 20_227, 0.0, 12127.9726, 9, 190.547246984, 190.547246984
291, 8_33, 8_33, 0.0, 12127.9726, 64, 143.793323906, 143.793323906
292, 43_119, 43_119, 0.0, 12127.9726, 1225, 80.4105299904, 80.4105299904
293, 46_97, 46_97, 0.0, 12127.9726, 729, 72.0200897898, 72.0200897898
294, 46_99, 46_99, 0.0, 12127.9726, 676, 97.2115905298, 97.2115905298
295, 8_156, 8_156, 0.0, 12127.9726, 169, 122.442857421, 122.442857421
296, 20_221, 20_221, 0.0, 12127.9726, 9, 227.279064881, 227.279064881
297, 91_152, 91_152, 0.0, 12127.9726, 784, 129.767638493, 129.767638493
298, 91_153, 91_153, 0.0, 12127.9726, 441, 143.793323906, 143.793323906
299, 91_154, 91_154, 0.0, 12127.9726, 196, 157.923145865, 157.923145865
300, 45_46, 45_46, 0.0, 12127.9726, 36, 190.547246984, 190.547246984
301, 46_96, 46_96, 0.0, 12127.9726, 676, 60.7846471844, 60.7846471844
302, 3_33, 3_33, 0.0, 12127.9726, 4761, 75.8638253715, 75.8638253715
303, 20_173, 20_173, 0.0, 12127.9726, 25, 127.279849151, 127.279849151
304, 44_91, 44_91, 0.0, 12127.9726, 225, 212.746265145, 212.746265145
305, 20_176, 20_176, 0.0, 12127.9726, 64, 129.767638493, 129.767638493
306, 20_177, 20_177, 0.0, 12127.9726, 25, 133.811210293, 133.811210293
307, 20_174, 20_174, 0.0, 12127.9726, 64, 126.439708953, 126.439708953
308, 20_175, 20_175, 0.0, 12127.9726, 81, 127.279849151, 127.279849151
309, 20_172, 20_172, 0.0, 12127.9726, 441, 137.993816287, 137.993816287
310, 20_170, 20_170, 0.0, 12127.9726, 441, 146.97011034, 146.97011034
311, 46_95, 46_95, 0.0, 12127.9726, 576, 51.2735149305, 51.2735149305
312, 100_120, 100_120, 0.0, 12127.9726, 225, 36.742527585, 36.742527585
313, 9_189, 9_189, 0.0, 12127.9726, 49, 147.69351148, 147.69351148
314, 11_91, 11_91, 0.0, 12127.9726, 1521, 103.581143715, 103.581143715
315, 20_178, 20_178, 0.0, 12127.9726, 25, 223.496070062, 223.496070062
316, 20_179, 20_179, 0.0, 12127.9726, 81, 212.746265145, 212.746265145
317, 46_94, 46_94, 0.0, 12127.9726, 729, 44.6037367642, 44.6037367642
318, 91_155, 91_155, 0.0, 12127.9726, 49, 172.131461389, 172.131461389
319, 0_19, 0_19, 0.0, 12127.9726, 1089, 124.742454682, 124.742454682
320, 0_18, 0_18, 0.0, 12127.9726, 2304, 110.227582755, 110.227582755
321, 7_21, 7_21, 0.0, 12127.9726, 961, 119.506150469, 119.506150469
322, 0_86, 0_86, 0.0, 12127.9726, 1600, 143.298336813, 143.298336813
323, 0_87, 0_87, 0.0, 12127.9726, 1369, 156.113078675, 156.113078675
324, 0_80, 0_80, 0.0, 12127.9726, 4761, 81.2893596973, 81.2893596973
325, 0_81, 0_81, 0.0, 12127.9726, 4761, 87.6, 87.6
326, 0_82, 0_82, 0.0, 12127.9726, 3025, 95.7386024548, 95.7386024548
327, 0_83, 0_83, 0.0, 12127.9726, 1849, 105.282097244, 105.282097244
328, 4_20, 4_20, 0.0, 12127.9726, 729, 88.0046210908, 88.0046210908
329, 0_17, 0_17, 0.0, 12127.9726, 4225, 95.7386024548, 95.7386024548
330, 4_21, 4_21, 0.0, 12127.9726, 5625, 77.2559382831, 77.2559382831
331, 0_88, 0_88, 0.0, 12127.9726, 1089, 169.2172962, 169.2172962
332, 0_89, 0_89, 0.0, 12127.9726, 784, 182.54866018, 182.54866018
333, 7_231, 7_231, 0.0, 12127.9726, 1, 194.42318106, 194.42318106
334, 46_203, 46_203, 0.0, 12127.9726, 36, 199.295793567, 199.295793567
335, 20_222, 20_222, 0.0, 12127.9726, 9, 219.162162184, 219.162162184
336, 0_85, 0_85, 0.0, 12127.9726, 1764, 130.858142022, 130.858142022
337, 0_84, 0_84, 0.0, 12127.9726, 1089, 115.883907425, 115.883907425
338, 91_234, 91_234, 0.0, 12127.9726, 81, 148.17381685, 148.17381685
339, 16_20, 16_20, 0.0, 12127.9726, 324, 65.8350463912, 65.8350463912
340, 17_91, 17_91, 0.0, 12127.9726, 36, 172.955061601, 172.955061601
341, 96_102, 96_102, 0.0, 12127.9726, 1521, 88.0046210908, 88.0046210908
342, 10_126, 10_126, 0.0, 12127.9726, 121, 221.098831596, 221.098831596
343, 6_162, 6_162, 0.0, 12127.9726, 100, 184.869287155, 184.869287155
344, 19_91, 19_91, 0.0, 12127.9726, 1, 199.295793567, 199.295793567
345, 10_172, 10_172, 0.0, 12127.9726, 441, 180.198150194, 180.198150194
346, 0_10, 0_10, 0.0, 12127.9726, 41616, 14.6, 14.6
347, 0_11, 0_11, 0.0, 12127.9726, 43681, 14.6, 14.6
348, 0_12, 0_12, 0.0, 12127.9726, 32400, 25.2879417905, 25.2879417905
349, 0_13, 0_13, 0.0, 12127.9726, 23409, 38.6279691415, 38.6279691415
350, 33_100, 33_100, 0.0, 12127.9726, 576, 109.581081092, 109.581081092
351, 0_15, 0_15, 0.0, 12127.9726, 11025, 66.9056051464, 66.9056051464
352, 0_16, 0_16, 0.0, 12127.9726, 7056, 81.2893596973, 81.2893596973
353, 5_178, 5_178, 0.0, 12127.9726, 225, 182.54866018, 182.54866018
354, 91_137, 91_137, 0.0, 12127.9726, 64, 162.578719395, 162.578719395
355, 97_120, 97_120, 0.0, 12127.9726, 900, 80.4105299904, 80.4105299904
356, 0_197, 0_197, 0.0, 12127.9726, 1156, 174.183160304, 174.183160304
357, 43_97, 43_97, 0.0, 12127.9726, 2916, 118.010395022, 118.010395022
358, 102_119, 102_119, 0.0, 12127.9726, 81, 22.3018683821, 22.3018683821
359, 60_99, 60_99, 0.0, 12127.9726, 729, 99.3801455691, 99.3801455691
360, 43_94, 43_94, 0.0, 12127.9726, 2304, 157.472579624, 157.472579624
361, 43_93, 43_93, 0.0, 12127.9726, 1681, 171.096386091, 171.096386091
362, 43_92, 43_92, 0.0, 12127.9726, 1089, 184.869287155, 184.869287155
363, 20_202, 20_202, 0.0, 12127.9726, 100, 162.797092521, 162.797092521
364, 85_119, 85_119, 0.0, 12127.9726, 289, 36.742527585, 36.742527585
365, 91_104, 91_104, 0.0, 12127.9726, 625, 189.987087281, 189.987087281
366, 12_91, 12_91, 0.0, 12127.9726, 1089, 113.404820591, 113.404820591
367, 43_99, 43_99, 0.0, 12127.9726, 2916, 93.864867407, 93.864867407
368, 43_98, 43_98, 0.0, 12127.9726, 2916, 105.619000816, 105.619000816
369, 20_167, 20_167, 0.0, 12127.9726, 441, 169.2172962, 169.2172962
370, 33_74, 33_74, 0.0, 12127.9726, 100, 198.22334205, 198.22334205
371, 7_20, 7_20, 0.0, 12127.9726, 324, 44.6037367642, 44.6037367642
372, 6_20, 6_20, 0.0, 12127.9726, 484, 59.0051975112, 59.0051975112
373, 3_31, 3_31, 0.0, 12127.9726, 1089, 97.2115905298, 97.2115905298
374, 60_96, 60_96, 0.0, 12127.9726, 576, 59.0051975112, 59.0051975112
375, 1_46, 1_46, 0.0, 12127.9726, 6241, 66.9056051464, 66.9056051464
376, 4_102, 4_102, 0.0, 12127.9726, 441, 94.9935436403, 94.9935436403
377, 60_98, 60_98, 0.0, 12127.9726, 729, 85.5481930454, 85.5481930454
378, 6_21, 6_21, 0.0, 12127.9726, 1936, 105.282097244, 105.282097244
379, 60_94, 60_94, 0.0, 12127.9726, 289, 36.742527585, 36.742527585
380, 60_95, 60_95, 0.0, 12127.9726, 441, 46.9324337035, 46.9324337035
381, 60_97, 60_97, 0.0, 12127.9726, 676, 72.0200897898, 72.0200897898
382, 3_178, 3_178, 0.0, 12127.9726, 625, 169.2172962, 169.2172962
383, 2_207, 2_207, 0.0, 12127.9726, 441, 184.869287155, 184.869287155
384, 60_91, 60_91, 0.0, 12127.9726, 361, 36.742527585, 36.742527585
385, 60_92, 60_92, 0.0, 12127.9726, 400, 30.3923235922, 30.3923235922
386, 60_93, 60_93, 0.0, 12127.9726, 361, 30.3923235922, 30.3923235922
387, 75_203, 75_203, 0.0, 12127.9726, 4, 198.22334205, 198.22334205
388, 3_173, 3_173, 0.0, 12127.9726, 225, 160.821059981, 160.821059981
389, 0_227, 0_227, 0.0, 12127.9726, 81, 219.162162184, 219.162162184
390, 2_10, 2_10, 0.0, 12127.9726, 21904, 38.6279691415, 38.6279691415
391, 91_230, 91_230, 0.0, 12127.9726, 4, 228.059290536, 228.059290536
392, 10_96, 10_96, 0.0, 12127.9726, 2500, 83.0191142649, 83.0191142649
393, 0_230, 0_230, 0.0, 12127.9726, 9, 242.699842055, 242.699842055
394, 10_93, 10_93, 0.0, 12127.9726, 2809, 83.0191142649, 83.0191142649
395, 10_92, 10_92, 0.0, 12127.9726, 2500, 88.0046210908, 88.0046210908
396, 10_91, 10_91, 0.0, 12127.9726, 2025, 94.9935436403, 94.9935436403
397, 75_137, 75_137, 0.0, 12127.9726, 256, 151.961617961, 151.961617961
398, 10_97, 10_97, 0.0, 12127.9726, 2025, 88.0046210908, 88.0046210908
399, 10_95, 10_95, 0.0, 12127.9726, 2809, 80.4105299904, 80.4105299904
400, 58_91, 58_91, 0.0, 12127.9726, 169, 216.716989028, 216.716989028
401, 10_94, 10_94, 0.0, 12127.9726, 2916, 80.4105299904, 80.4105299904
402, 9_204, 9_204, 0.0, 12127.9726, 16, 160.821059981, 160.821059981
403, 18_91, 18_91, 0.0, 12127.9726, 9, 186.018744575, 186.018744575
404, 9_207, 9_207, 0.0, 12127.9726, 1, 228.215015574, 228.215015574
405, 91_136, 91_136, 0.0, 12127.9726, 256, 148.17381685, 148.17381685
406, 5_173, 5_173, 0.0, 12127.9726, 225, 146.97011034, 146.97011034
407, 0_90, 0_90, 0.0, 12127.9726, 484, 196.060840897, 196.060840897
408, 4_173, 4_173, 0.0, 12127.9726, 225, 153.357925564, 153.357925564
409, 10_98, 10_98, 0.0, 12127.9726, 1521, 94.9935436403, 94.9935436403
410, 10_99, 10_99, 0.0, 12127.9726, 1225, 103.581143715, 103.581143715
411, 20_68, 20_68, 0.0, 12127.9726, 841, 85.5481930454, 85.5481930454
412, 20_69, 20_69, 0.0, 12127.9726, 1024, 74.9213810159, 74.9213810159
413, 20_162, 20_162, 0.0, 12127.9726, 36, 221.098831596, 221.098831596
414, 60_119, 60_119, 0.0, 12127.9726, 324, 137.993816287, 137.993816287
415, 0_201, 0_201, 0.0, 12127.9726, 324, 197.145056578, 197.145056578
416, 0_142, 0_142, 0.0, 12127.9726, 324, 206.647171123, 206.647171123
417, 33_217, 33_217, 0.0, 12127.9726, 36, 215.236552038, 215.236552038
418, 4_109, 4_109, 0.0, 12127.9726, 441, 151.961617961, 151.961617961
419, 5_189, 5_189, 0.0, 12127.9726, 100, 161.482424224, 161.482424224
420, 100_232, 100_232, 0.0, 12127.9726, 4, 131.4, 131.4
421, 0_207, 0_207, 0.0, 12127.9726, 729, 181.377212828, 181.377212828
422, 20_161, 20_161, 0.0, 12127.9726, 256, 124.742454682, 124.742454682
423, 4_193, 4_193, 0.0, 12127.9726, 324, 183.712637925, 183.712637925
424, 43_96, 43_96, 0.0, 12127.9726, 2916, 130.858142022, 130.858142022
425, 43_95, 43_95, 0.0, 12127.9726, 2916, 144.04017958, 144.04017958
426, 91_102, 91_102, 0.0, 12127.9726, 1764, 160.821059981, 160.821059981
427, 20_35, 20_35, 0.0, 12127.9726, 169, 141.803008901, 141.803008901
428, 91_219, 91_219, 0.0, 12127.9726, 1, 240.05052246, 240.05052246
429, 11_20, 11_20, 0.0, 12127.9726, 441, 138.764020313, 138.764020313
430, 3_91, 3_91, 0.0, 12127.9726, 784, 137.993816287, 137.993816287
431, 20_36, 20_36, 0.0, 12127.9726, 225, 127.558666242, 127.558666242
432, 20_37, 20_37, 0.0, 12127.9726, 289, 113.404820591, 113.404820591
433, 20_34, 20_34, 0.0, 12127.9726, 121, 156.113078675, 156.113078675
434, 20_33, 20_33, 0.0, 12127.9726, 100, 170.472324245, 170.472324245
435, 0_55, 0_55, 0.0, 12127.9726, 1521, 114.029645268, 114.029645268
436, 20_30, 20_30, 0.0, 12127.9726, 196, 33.7172557207, 33.7172557207
437, 91_218, 91_218, 0.0, 12127.9726, 9, 226.339243909, 226.339243909
438, 91_217, 91_217, 0.0, 12127.9726, 9, 216.060269369, 216.060269369
439, 91_216, 91_216, 0.0, 12127.9726, 36, 202.829682246, 202.829682246
440, 91_215, 91_215, 0.0, 12127.9726, 81, 189.8, 189.8
441, 91_214, 91_214, 0.0, 12127.9726, 144, 177.015592534, 177.015592534
442, 0_54, 0_54, 0.0, 12127.9726, 2601, 101.151767162, 101.151767162
443, 0_56, 0_56, 0.0, 12127.9726, 1764, 132.477067198, 132.477067198
444, 0_241, 0_241, 0.0, 12127.9726, 4, 248.771890159, 248.771890159
445, 20_136, 20_136, 0.0, 12127.9726, 1225, 124.171548002, 124.171548002
446, 20_138, 20_138, 0.0, 12127.9726, 289, 105.282097244, 105.282097244
447, 20_139, 20_139, 0.0, 12127.9726, 576, 102.2, 102.2
448, 20_132, 20_132, 0.0, 12127.9726, 1089, 160.156964673, 160.156964673
449, 20_133, 20_133, 0.0, 12127.9726, 1225, 149.842762032, 149.842762032
450, 10_20, 10_20, 0.0, 12127.9726, 441, 153.357925564, 153.357925564
451, 20_131, 20_131, 0.0, 12127.9726, 900, 171.096386091, 171.096386091
452, 20_137, 20_137, 0.0, 12127.9726, 1225, 118.010395022, 118.010395022
453, 0_57, 0_57, 0.0, 12127.9726, 1444, 146.243130893, 146.243130893
454, 20_134, 20_134, 0.0, 12127.9726, 1225, 140.291743639, 140.291743639
455, 20_135, 20_135, 0.0, 12127.9726, 1225, 131.670092782, 131.670092782
456, 0_53, 0_53, 0.0, 12127.9726, 4225, 88.8083329424, 88.8083329424
457, 0_52, 0_52, 0.0, 12127.9726, 6561, 77.2559382831, 77.2559382831
458, 0_51, 0_51, 0.0, 12127.9726, 9801, 66.9056051464, 66.9056051464
459, 0_50, 0_50, 0.0, 12127.9726, 14161, 58.4, 58.4
460, 91_213, 91_213, 0.0, 12127.9726, 225, 164.533643976, 164.533643976
461, 91_212, 91_212, 0.0, 12127.9726, 324, 152.42847503, 152.42847503
462, 20_38, 20_38, 0.0, 12127.9726, 361, 99.3801455691, 99.3801455691
463, 0_21, 0_21, 0.0, 12127.9726, 27889, 29.2, 29.2
464, 0_27, 0_27, 0.0, 12127.9726, 7225, 77.2559382831, 77.2559382831
465, 0_24, 0_24, 0.0, 12127.9726, 22801, 38.6279691415, 38.6279691415
466, 0_25, 0_25, 0.0, 12127.9726, 16129, 50.575883581, 50.575883581
467, 0_22, 0_22, 0.0, 12127.9726, 29929, 25.2879417905, 25.2879417905
468, 0_23, 0_23, 0.0, 12127.9726, 31329, 29.2, 29.2
469, 0_20, 0_20, 0.0, 12127.9726, 784, 146.243130893, 146.243130893
470, 0_229, 0_229, 0.0, 12127.9726, 25, 234.207543289, 234.207543289
471, 20_39, 20_39, 0.0, 12127.9726, 441, 85.5481930454, 85.5481930454
472, 0_28, 0_28, 0.0, 12127.9726, 4489, 91.1769707766, 91.1769707766
473, 0_29, 0_29, 0.0, 12127.9726, 2601, 105.282097244, 105.282097244
474, 0_148, 0_148, 0.0, 12127.9726, 3721, 130.858142022, 130.858142022
475, 0_149, 0_149, 0.0, 12127.9726, 3721, 132.477067198, 132.477067198
476, 4_220, 4_220, 0.0, 12127.9726, 121, 202.479068877, 202.479068877
477, 91_103, 91_103, 0.0, 12127.9726, 1089, 175.402660565, 175.402660565
478, 0_26, 0_26, 0.0, 12127.9726, 11025, 63.6399245757, 63.6399245757
479, 5_193, 5_193, 0.0, 12127.9726, 196, 189.987087281, 189.987087281
480, 0_191, 0_191, 0.0, 12127.9726, 49, 223.496070062, 223.496070062
481, 93_231, 93_231, 0.0, 12127.9726, 1, 211.238001632, 211.238001632
482, 46_144, 46_144, 0.0, 12127.9726, 9, 240.936865866, 240.936865866
483, 70_101, 70_101, 0.0, 12127.9726, 676, 44.6037367642, 44.6037367642
484, 70_100, 70_100, 0.0, 12127.9726, 1156, 55.2747078991, 55.2747078991
485, 91_210, 91_210, 0.0, 12127.9726, 576, 129.767638493, 129.767638493
486, 94_102, 94_102, 0.0, 12127.9726, 1764, 117.103771644, 117.103771644
487, 5_145, 5_145, 0.0, 12127.9726, 225, 170.472324245, 170.472324245
488, 91_211, 91_211, 0.0, 12127.9726, 441, 140.79730111, 140.79730111
489, 0_195, 0_195, 0.0, 12127.9726, 1444, 169.2172962, 169.2172962
490, 6_127, 6_127, 0.0, 12127.9726, 100, 176.6137405, 176.6137405
491, 6_120, 6_120, 0.0, 12127.9726, 289, 99.3801455691, 99.3801455691
492, 3_60, 3_60, 0.0, 12127.9726, 841, 102.2, 102.2
493, 5_220, 5_220, 0.0, 12127.9726, 81, 207.16228743, 207.16228743
494, 6_85, 6_85, 0.0, 12127.9726, 361, 74.9213810159, 74.9213810159
495, 89_91, 89_91, 0.0, 12127.9726, 81, 227.279064881, 227.279064881
496, 46_188, 46_188, 0.0, 12127.9726, 36, 186.018744575, 186.018744575
497, 60_90, 60_90, 0.0, 12127.9726, 9, 219.162162184, 219.162162184
498, 20_82, 20_82, 0.0, 12127.9726, 676, 110.549415798, 110.549415798
499, 0_108, 0_108, 0.0, 12127.9726, 324, 207.676126055, 207.676126055
500, 0_109, 0_109, 0.0, 12127.9726, 2401, 117.103771644, 117.103771644
501, 16_91, 16_91, 0.0, 12127.9726, 100, 160.156964673, 160.156964673
502, 2_91, 2_91, 0.0, 12127.9726, 1225, 127.558666242, 127.558666242
503, 20_84, 20_84, 0.0, 12127.9726, 1296, 89.2074735285, 89.2074735285
504, 20_83, 20_83, 0.0, 12127.9726, 961, 99.3801455691, 99.3801455691
505, 20_81, 20_81, 0.0, 12127.9726, 441, 122.442857421, 122.442857421
506, 7_189, 7_189, 0.0, 12127.9726, 49, 151.961617961, 151.961617961
507, 20_80, 20_80, 0.0, 12127.9726, 256, 134.869022883, 134.869022883
508, 20_195, 20_195, 0.0, 12127.9726, 81, 207.16228743, 207.16228743
509, 7_60, 7_60, 0.0, 12127.9726, 36, 152.42847503, 152.42847503
510, 10_230, 10_230, 0.0, 12127.9726, 9, 237.371635486, 237.371635486
511, 75_126, 75_126, 0.0, 12127.9726, 1, 241.819960577, 241.819960577
512, 101_232, 101_232, 0.0, 12127.9726, 1, 139.275123407, 139.275123407
513, 1_120, 1_120, 0.0, 12127.9726, 1156, 135.65696935, 135.65696935
514, 0_160, 0_160, 0.0, 12127.9726, 121, 219.64793041, 219.64793041
515, 8_232, 8_232, 0.0, 12127.9726, 4, 233.752033859, 233.752033859
516, 8_120, 8_120, 0.0, 12127.9726, 441, 97.2115905298, 97.2115905298
517, 0_232, 0_232, 0.0, 12127.9726, 100, 206.647171123, 206.647171123
518, 20_233, 20_233, 0.0, 12127.9726, 1, 233.752033859, 233.752033859
519, 8_85, 8_85, 0.0, 12127.9726, 529, 72.0200897898, 72.0200897898
520, 5_21, 5_21, 0.0, 12127.9726, 3249, 91.1769707766, 91.1769707766
521, 5_20, 5_20, 0.0, 12127.9726, 625, 73.48505517, 73.48505517
522, 88_91, 88_91, 0.0, 12127.9726, 225, 212.746265145, 212.746265145
523, 0_104, 0_104, 0.0, 12127.9726, 1296, 156.113078675, 156.113078675
524, 1_127, 1_127, 0.0, 12127.9726, 1764, 131.670092782, 131.670092782
525, 0_105, 0_105, 0.0, 12127.9726, 1089, 168.586278603, 168.586278603
526, 0_102, 0_102, 0.0, 12127.9726, 1521, 132.477067198, 132.477067198
527, 5_60, 5_60, 0.0, 12127.9726, 225, 126.439708953, 126.439708953
528, 0_100, 0_100, 0.0, 12127.9726, 1296, 118.010395022, 118.010395022
529, 0_101, 0_101, 0.0, 12127.9726, 841, 127.558666242, 127.558666242
530, 0_221, 0_221, 0.0, 12127.9726, 400, 194.42318106, 194.42318106
531, 33_45, 33_45, 0.0, 12127.9726, 100, 182.54866018, 182.54866018
532, 2_60, 2_60, 0.0, 12127.9726, 1296, 91.1769707766, 91.1769707766
533, 15_20, 15_20, 0.0, 12127.9726, 400, 80.4105299904, 80.4105299904
534, 21_137, 21_137, 0.0, 12127.9726, 256, 149.129786875, 149.129786875
535, 0_59, 0_59, 0.0, 12127.9726, 729, 174.183160304, 174.183160304
536, 75_172, 75_172, 0.0, 12127.9726, 49, 174.183160304, 174.183160304
537, 0_58, 0_58, 0.0, 12127.9726, 1089, 160.156964673, 160.156964673
538, 20_198, 20_198, 0.0, 12127.9726, 100, 182.54866018, 182.54866018
539, 60_155, 60_155, 0.0, 12127.9726, 81, 160.821059981, 160.821059981
540, 4_138, 4_138, 0.0, 12127.9726, 441, 124.171548002, 124.171548002
541, 7_10, 7_10, 0.0, 12127.9726, 2025, 110.227582755, 110.227582755
542, 59_60, 59_60, 0.0, 12127.9726, 9, 205.094059722, 205.094059722
543, 4_91, 4_91, 0.0, 12127.9726, 441, 149.129786875, 149.129786875
544, 98_207, 98_207, 0.0, 12127.9726, 144, 102.2, 102.2
545, 3_231, 3_231, 0.0, 12127.9726, 1, 219.162162184, 219.162162184
546, 5_138, 5_138, 0.0, 12127.9726, 289, 118.010395022, 118.010395022
547, 10_137, 10_137, 0.0, 12127.9726, 441, 151.961617961, 151.961617961
548, 8_231, 8_231, 0.0, 12127.9726, 1, 190.547246984, 190.547246984
549, 91_121, 91_121, 0.0, 12127.9726, 729, 182.54866018, 182.54866018
550, 91_140, 91_140, 0.0, 12127.9726, 225, 205.094059722, 205.094059722
551, 6_232, 6_232, 0.0, 12127.9726, 16, 221.580354123, 221.580354123
552, 91_141, 91_141, 0.0, 12127.9726, 100, 219.64793041, 219.64793041
553, 1_75, 1_75, 0.0, 12127.9726, 625, 95.7386024548, 95.7386024548
554, 1_70, 1_70, 0.0, 12127.9726, 1849, 118.010395022, 118.010395022
555, 32_75, 32_75, 0.0, 12127.9726, 1, 204.573735688, 204.573735688
556, 0_228, 0_228, 0.0, 12127.9726, 49, 226.339243909, 226.339243909
557, 20_242, 20_242, 0.0, 12127.9726, 1, 198.22334205, 198.22334205
558, 2_109, 2_109, 0.0, 12127.9726, 1225, 132.477067198, 132.477067198
559, 0_162, 0_162, 0.0, 12127.9726, 2025, 146.243130893, 146.243130893
560, 91_144, 91_144, 0.0, 12127.9726, 1, 263.340185565, 263.340185565
561, 9_43, 9_43, 0.0, 12127.9726, 169, 33.7172557207, 33.7172557207
562, 2_102, 2_102, 0.0, 12127.9726, 1156, 111.509341911, 111.509341911
563, 5_91, 5_91, 0.0, 12127.9726, 225, 160.821059981, 160.821059981
564, 92_189, 92_189, 0.0, 12127.9726, 100, 190.547246984, 190.547246984
565, 9_156, 9_156, 0.0, 12127.9726, 256, 122.442857421, 122.442857421
566, 6_207, 6_207, 0.0, 12127.9726, 81, 204.573735688, 204.573735688
567, 0_107, 0_107, 0.0, 12127.9726, 576, 194.42318106, 194.42318106
568, 0_209, 0_209, 0.0, 12127.9726, 841, 182.54866018, 182.54866018
569, 0_189, 0_189, 0.0, 12127.9726, 100, 202.479068877, 202.479068877
570, 4_56, 4_56, 0.0, 12127.9726, 1089, 80.4105299904, 80.4105299904
571, 8_56, 8_56, 0.0, 12127.9726, 256, 46.9324337035, 46.9324337035
572, 46_119, 46_119, 0.0, 12127.9726, 256, 135.65696935, 135.65696935
573, 93_120, 93_120, 0.0, 12127.9726, 1225, 138.764020313, 138.764020313
574, 7_109, 7_109, 0.0, 12127.9726, 36, 186.018744575, 186.018744575
575, 0_188, 0_188, 0.0, 12127.9726, 225, 199.295793567, 199.295793567
576, 46_172, 46_172, 0.0, 12127.9726, 49, 172.955061601, 172.955061601
577, 91_200, 91_200, 0.0, 12127.9726, 256, 164.533643976, 164.533643976
578, 0_187, 0_187, 0.0, 12127.9726, 400, 190.547246984, 190.547246984
579, 0_184, 0_184, 0.0, 12127.9726, 1225, 169.2172962, 169.2172962
580, 0_185, 0_185, 0.0, 12127.9726, 900, 175.402660565, 175.402660565
581, 0_182, 0_182, 0.0, 12127.9726, 1936, 160.156964673, 160.156964673
582, 0_183, 0_183, 0.0, 12127.9726, 1600, 164.101228921, 164.101228921
583, 0_180, 0_180, 0.0, 12127.9726, 2116, 156.113078675, 156.113078675
584, 31_137, 31_137, 0.0, 12127.9726, 1089, 103.581143715, 103.581143715
585, 20_226, 20_226, 0.0, 12127.9726, 9, 194.42318106, 194.42318106
586, 8_20, 8_20, 0.0, 12127.9726, 169, 30.3923235922, 30.3923235922
587, 91_122, 91_122, 0.0, 12127.9726, 400, 197.145056578, 197.145056578
588, 91_125, 91_125, 0.0, 12127.9726, 25, 240.936865866, 240.936865866
589, 91_124, 91_124, 0.0, 12127.9726, 81, 226.339243909, 226.339243909
590, 91_126, 91_126, 0.0, 12127.9726, 4, 255.53475954, 255.53475954
591, 20_121, 20_121, 0.0, 12127.9726, 1024, 91.1769707766, 91.1769707766
592, 33_119, 33_119, 0.0, 12127.9726, 256, 134.869022883, 134.869022883
593, 1_189, 1_189, 0.0, 12127.9726, 100, 192.771609251, 192.771609251
594, 20_62, 20_62, 0.0, 12127.9726, 36, 162.797092521, 162.797092521
595, 6_178, 6_178, 0.0, 12127.9726, 100, 190.547246984, 190.547246984
596, 0_235, 0_235, 0.0, 12127.9726, 64, 212.746265145, 212.746265145
597, 14_91, 14_91, 0.0, 12127.9726, 441, 135.65696935, 135.65696935
598, 56_91, 56_91, 0.0, 12127.9726, 900, 188.296609989, 188.296609989
599, 6_173, 6_173, 0.0, 12127.9726, 121, 141.803008901, 141.803008901
600, 1_218, 1_218, 0.0, 12127.9726, 9, 221.580354123, 221.580354123
601, 3_220, 3_220, 0.0, 12127.9726, 169, 198.760291138, 198.760291138
602, 7_102, 7_102, 0.0, 12127.9726, 441, 84.2931393017, 84.2931393017
603, 2_162, 2_162, 0.0, 12127.9726, 1089, 154.74163413, 154.74163413
604, 5_33, 5_33, 0.0, 12127.9726, 1681, 102.2, 102.2
605, 2_56, 2_56, 0.0, 12127.9726, 1600, 105.619000816, 105.619000816
606, 33_242, 33_242, 0.0, 12127.9726, 1, 243.138588738, 243.138588738
607, 92_156, 92_156, 0.0, 12127.9726, 441, 170.472324245, 170.472324245
608, 7_220, 7_220, 0.0, 12127.9726, 25, 219.162162184, 219.162162184
609, 7_70, 7_70, 0.0, 12127.9726, 324, 60.7846471844, 60.7846471844
610, 21_155, 21_155, 0.0, 12127.9726, 225, 162.797092521, 162.797092521
611, 7_75, 7_75, 0.0, 12127.9726, 9, 164.533643976, 164.533643976
612, 31_92, 31_92, 0.0, 12127.9726, 676, 196.060840897, 196.060840897
613, 91_241, 91_241, 0.0, 12127.9726, 4, 227.591476115, 227.591476115
614, 6_56, 6_56, 0.0, 12127.9726, 484, 59.0051975112, 59.0051975112
615, 101_220, 101_220, 0.0, 12127.9726, 4, 133.811210293, 133.811210293
616, 4_204, 4_204, 0.0, 12127.9726, 36, 182.54866018, 182.54866018
617, 0_239, 0_239, 0.0, 12127.9726, 16, 233.752033859, 233.752033859
618, 95_102, 95_102, 0.0, 12127.9726, 1764, 102.547029861, 102.547029861
619, 9_145, 9_145, 0.0, 12127.9726, 1, 212.746265145, 212.746265145
620, 6_204, 6_204, 0.0, 12127.9726, 36, 170.472324245, 170.472324245
621, 32_33, 32_33, 0.0, 12127.9726, 100, 176.009242182, 176.009242182
622, 8_138, 8_138, 0.0, 12127.9726, 289, 109.581081092, 109.581081092
623, 0_118, 0_118, 0.0, 12127.9726, 1225, 132.477067198, 132.477067198
624, 0_119, 0_119, 0.0, 12127.9726, 784, 141.803008901, 141.803008901
625, 33_188, 33_188, 0.0, 12127.9726, 100, 187.729734814, 187.729734814
626, 0_112, 0_112, 0.0, 12127.9726, 3721, 105.619000816, 105.619000816
627, 0_113, 0_113, 0.0, 12127.9726, 3721, 105.619000816, 105.619000816
628, 0_110, 0_110, 0.0, 12127.9726, 3025, 111.509341911, 111.509341911
629, 0_111, 0_111, 0.0, 12127.9726, 3481, 107.618276019, 107.618276019
630, 0_116, 0_116, 0.0, 12127.9726, 2401, 117.103771644, 117.103771644
631, 0_117, 0_117, 0.0, 12127.9726, 1764, 124.171548002, 124.171548002
632, 0_114, 0_114, 0.0, 12127.9726, 3481, 107.618276019, 107.618276019
633, 0_115, 0_115, 0.0, 12127.9726, 3025, 111.509341911, 111.509341911
634, 91_242, 91_242, 0.0, 12127.9726, 1, 240.346333444, 240.346333444
635, 46_126, 46_126, 0.0, 12127.9726, 25, 231.00011544, 231.00011544
636, 5_31, 5_31, 0.0, 12127.9726, 784, 68.9969081433, 68.9969081433
637, 8_21, 8_21, 0.0, 12127.9726, 324, 133.811210293, 133.811210293
638, 3_138, 3_138, 0.0, 12127.9726, 784, 131.670092782, 131.670092782
639, 3_120, 3_120, 0.0, 12127.9726, 784, 117.103771644, 117.103771644
640, 56_99, 56_99, 0.0, 12127.9726, 2304, 80.4105299904, 80.4105299904
641, 56_97, 56_97, 0.0, 12127.9726, 2916, 105.619000816, 105.619000816
642, 56_96, 56_96, 0.0, 12127.9726, 2916, 118.910106103, 118.910106103
643, 0_151, 0_151, 0.0, 12127.9726, 3025, 140.291743639, 140.291743639
644, 20_92, 20_92, 0.0, 12127.9726, 324, 207.676126055, 207.676126055
645, 56_93, 56_93, 0.0, 12127.9726, 2209, 160.156964673, 160.156964673
646, 56_92, 56_92, 0.0, 12127.9726, 1521, 174.183160304, 174.183160304
647, 56_98, 56_98, 0.0, 12127.9726, 2916, 92.7224532319, 92.7224532319
648, 56_95, 56_95, 0.0, 12127.9726, 2916, 132.477067198, 132.477067198
649, 21_188, 21_188, 0.0, 12127.9726, 225, 190.547246984, 190.547246984
650, 100_207, 100_207, 0.0, 12127.9726, 36, 119.506150469, 119.506150469
651, 91_120, 91_120, 0.0, 12127.9726, 1225, 167.95289022, 167.95289022
652, 33_203, 33_203, 0.0, 12127.9726, 100, 201.423566976, 201.423566976
653, 7_91, 7_91, 0.0, 12127.9726, 36, 185.444906464, 185.444906464
654, 75_155, 75_155, 0.0, 12127.9726, 121, 162.797092521, 162.797092521
655, 56_94, 56_94, 0.0, 12127.9726, 2916, 146.243130893, 146.243130893
656, 9_102, 9_102, 0.0, 12127.9726, 961, 89.2074735285, 89.2074735285
657, 20_218, 20_218, 0.0, 12127.9726, 4, 164.533643976, 164.533643976
658, 0_210, 0_210, 0.0, 12127.9726, 729, 184.869287155, 184.869287155
659, 20_145, 20_145, 0.0, 12127.9726, 49, 219.64793041, 219.64793041
660, 20_144, 20_144, 0.0, 12127.9726, 841, 116.8, 116.8
661, 0_213, 0_213, 0.0, 12127.9726, 324, 198.22334205, 198.22334205
662, 21_119, 21_119, 0.0, 12127.9726, 324, 135.65696935, 135.65696935
663, 3_162, 3_162, 0.0, 12127.9726, 729, 160.821059981, 160.821059981
664, 5_109, 5_109, 0.0, 12127.9726, 225, 162.797092521, 162.797092521
665, 6_10, 6_10, 0.0, 12127.9726, 3600, 95.7386024548, 95.7386024548
666, 85_101, 85_101, 0.0, 12127.9726, 324, 30.3923235922, 30.3923235922
667, 91_142, 91_142, 0.0, 12127.9726, 36, 234.207543289, 234.207543289
668, 7_31, 7_31, 0.0, 12127.9726, 361, 42.1465696508, 42.1465696508
669, 8_218, 8_218, 0.0, 12127.9726, 9, 176.6137405, 176.6137405
670, 7_33, 7_33, 0.0, 12127.9726, 361, 129.767638493, 129.767638493
671, 9_109, 9_109, 0.0, 12127.9726, 1, 210.732848254, 210.732848254
672, 85_100, 85_100, 0.0, 12127.9726, 676, 42.1465696508, 42.1465696508
673, 94_120, 94_120, 0.0, 12127.9726, 1225, 124.171548002, 124.171548002
674, 91_157, 91_157, 0.0, 12127.9726, 225, 199.295793567, 199.295793567
675, 91_239, 91_239, 0.0, 12127.9726, 16, 202.829682246, 202.829682246
676, 9_20, 9_20, 0.0, 12127.9726, 49, 16.8586278603, 16.8586278603
677, 10_74, 10_74, 0.0, 12127.9726, 400, 188.296609989, 188.296609989
678, 9_218, 9_218, 0.0, 12127.9726, 4, 174.183160304, 174.183160304
679, 6_60, 6_60, 0.0, 12127.9726, 64, 139.275123407, 139.275123407
680, 0_242, 0_242, 0.0, 12127.9726, 1, 257.197693095, 257.197693095
681, 0_234, 0_234, 0.0, 12127.9726, 81, 209.718891217, 209.718891217
682, 9_21, 9_21, 0.0, 12127.9726, 25, 148.17381685, 148.17381685
683, 20_211, 20_211, 0.0, 12127.9726, 36, 197.145056578, 197.145056578
684, 91_238, 91_238, 0.0, 12127.9726, 25, 190.919773727, 190.919773727
685, 6_231, 6_231, 0.0, 12127.9726, 1, 199.295793567, 199.295793567
686, 20_217, 20_217, 0.0, 12127.9726, 36, 172.955061601, 172.955061601
687, 20_216, 20_216, 0.0, 12127.9726, 36, 174.183160304, 174.183160304
688, 20_215, 20_215, 0.0, 12127.9726, 36, 176.6137405, 176.6137405
689, 20_214, 20_214, 0.0, 12127.9726, 36, 180.198150194, 180.198150194
690, 20_219, 20_219, 0.0, 12127.9726, 4, 165.824123697, 165.824123697
691, 60_172, 60_172, 0.0, 12127.9726, 36, 172.955061601, 172.955061601
692, 21_32, 21_32, 0.0, 12127.9726, 225, 167.95289022, 167.95289022
693, 75_144, 75_144, 0.0, 12127.9726, 1, 250.479726392, 250.479726392
694, 8_193, 8_193, 0.0, 12127.9726, 9, 213.745861558, 213.745861558
695, 5_162, 5_162, 0.0, 12127.9726, 225, 176.009242182, 176.009242182
696, 31_144, 31_144, 0.0, 12127.9726, 1296, 110.227582755, 110.227582755
697, 20_129, 20_129, 0.0, 12127.9726, 441, 194.42318106, 194.42318106
698, 0_233, 0_233, 0.0, 12127.9726, 100, 207.676126055, 207.676126055
699, 20_53, 20_53, 0.0, 12127.9726, 576, 84.2931393017, 84.2931393017
700, 20_52, 20_52, 0.0, 12127.9726, 441, 97.2115905298, 97.2115905298
701, 20_51, 20_51, 0.0, 12127.9726, 324, 110.549415798, 110.549415798
702, 20_50, 20_50, 0.0, 12127.9726, 225, 124.171548002, 124.171548002
703, 91_232, 91_232, 0.0, 12127.9726, 121, 131.4, 131.4
704, 91_233, 91_233, 0.0, 12127.9726, 100, 139.275123407, 139.275123407
705, 20_55, 20_55, 0.0, 12127.9726, 729, 60.7846471844, 60.7846471844
706, 20_54, 20_54, 0.0, 12127.9726, 676, 72.0200897898, 72.0200897898
707, 33_126, 33_126, 0.0, 12127.9726, 49, 226.809641182, 226.809641182
708, 91_192, 91_192, 0.0, 12127.9726, 1, 247.052248185, 247.052248185
709, 3_127, 3_127, 0.0, 12127.9726, 784, 146.97011034, 146.97011034
710, 0_212, 0_212, 0.0, 12127.9726, 441, 192.771609251, 192.771609251
711, 0_156, 0_156, 0.0, 12127.9726, 441, 174.183160304, 174.183160304
712, 0_150, 0_150, 0.0, 12127.9726, 3481, 135.65696935, 135.65696935
713, 0_153, 0_153, 0.0, 12127.9726, 1764, 153.357925564, 153.357925564
714, 0_152, 0_152, 0.0, 12127.9726, 2401, 146.243130893, 146.243130893
998, 93_218, 93_218, 0.0, 12127.9726, 9, 199.295793567, 199.295793567
715, 0_155, 0_155, 0.0, 12127.9726, 784, 170.472324245, 170.472324245
999, 75_217, 75_217, 0.0, 12127.9726, 1, 210.732848254, 210.732848254
716, 0_154, 0_154, 0.0, 12127.9726, 1225, 161.482424224, 161.482424224
717, 0_157, 0_157, 0.0, 12127.9726, 400, 184.869287155, 184.869287155
718, 8_60, 8_60, 0.0, 12127.9726, 16, 165.824123697, 165.824123697
719, 91_119, 91_119, 0.0, 12127.9726, 81, 153.820544792, 153.820544792
720, 45_91, 45_91, 0.0, 12127.9726, 49, 226.809641182, 226.809641182
721, 9_60, 9_60, 0.0, 12127.9726, 4, 179.407803621, 179.407803621
722, 4_60, 4_60, 0.0, 12127.9726, 484, 114.029645268, 114.029645268
723, 0_71, 0_71, 0.0, 12127.9726, 1600, 144.04017958, 144.04017958
724, 7_145, 7_145, 0.0, 12127.9726, 36, 190.547246984, 190.547246984
725, 20_75, 20_75, 0.0, 12127.9726, 1, 201.423566976, 201.423566976
726, 8_173, 8_173, 0.0, 12127.9726, 81, 135.65696935, 135.65696935
727, 91_118, 91_118, 0.0, 12127.9726, 324, 139.275123407, 139.275123407
728, 5_204, 5_204, 0.0, 12127.9726, 36, 176.009242182, 176.009242182
729, 46_230, 46_230, 0.0, 12127.9726, 9, 226.339243909, 226.339243909
730, 20_78, 20_78, 0.0, 12127.9726, 49, 160.821059981, 160.821059981
731, 91_228, 91_228, 0.0, 12127.9726, 36, 202.303534324, 202.303534324
732, 31_172, 31_172, 0.0, 12127.9726, 441, 124.171548002, 124.171548002
733, 5_207, 5_207, 0.0, 12127.9726, 144, 198.22334205, 198.22334205
734, 46_59, 46_59, 0.0, 12127.9726, 36, 197.145056578, 197.145056578
735, 91_231, 91_231, 0.0, 12127.9726, 1, 237.820212205, 237.820212205
736, 17_20, 17_20, 0.0, 12127.9726, 225, 51.2735149305, 51.2735149305
737, 8_178, 8_178, 0.0, 12127.9726, 9, 208.700007986, 208.700007986
738, 75_242, 75_242, 0.0, 12127.9726, 1, 236.471929271, 236.471929271
739, 1_156, 1_156, 0.0, 12127.9726, 441, 164.101228921, 164.101228921
740, 73_91, 73_91, 0.0, 12127.9726, 121, 221.580354123, 221.580354123
741, 91_159, 91_159, 0.0, 12127.9726, 36, 228.215015574, 228.215015574
742, 0_159, 0_159, 0.0, 12127.9726, 225, 207.676126055, 207.676126055
743, 0_158, 0_158, 0.0, 12127.9726, 324, 196.060840897, 196.060840897
744, 1_173, 1_173, 0.0, 12127.9726, 225, 178.414947057, 178.414947057
745, 99_102, 99_102, 0.0, 12127.9726, 576, 44.6037367642, 44.6037367642
746, 92_231, 92_231, 0.0, 12127.9726, 1, 224.447796455, 224.447796455
747, 91_185, 91_185, 0.0, 12127.9726, 400, 152.42847503, 152.42847503
748, 72_91, 72_91, 0.0, 12127.9726, 324, 207.16228743, 207.16228743
749, 74_91, 74_91, 0.0, 12127.9726, 25, 236.020790045, 236.020790045
750, 2_156, 2_156, 0.0, 12127.9726, 441, 154.74163413, 154.74163413
751, 91_183, 91_183, 0.0, 12127.9726, 900, 126.439708953, 126.439708953
752, 91_187, 91_187, 0.0, 12127.9726, 100, 179.407803621, 179.407803621
753, 91_186, 91_186, 0.0, 12127.9726, 225, 165.824123697, 165.824123697
754, 91_184, 91_184, 0.0, 12127.9726, 625, 139.275123407, 139.275123407
755, 93_173, 93_173, 0.0, 12127.9726, 225, 166.03822853, 166.03822853
756, 1_43, 1_43, 0.0, 12127.9726, 1521, 121.569294369, 121.569294369
757, 3_193, 3_193, 0.0, 12127.9726, 484, 178.414947057, 178.414947057
758, 91_189, 91_189, 0.0, 12127.9726, 100, 204.573735688, 204.573735688
759, 91_188, 91_188, 0.0, 12127.9726, 25, 193.139845708, 193.139845708
760, 20_42, 20_42, 0.0, 12127.9726, 441, 46.9324337035, 46.9324337035
761, 60_203, 60_203, 0.0, 12127.9726, 9, 198.22334205, 198.22334205
762, 0_8, 0_8, 0.0, 12127.9726, 1936, 116.8, 116.8
763, 0_9, 0_9, 0.0, 12127.9726, 729, 131.4, 131.4
764, 0_7, 0_7, 0.0, 12127.9726, 3721, 102.2, 102.2
765, 0_4, 0_4, 0.0, 12127.9726, 16129, 58.4, 58.4
766, 0_5, 0_5, 0.0, 12127.9726, 10609, 73.0, 73.0
767, 0_2, 0_2, 0.0, 12127.9726, 32761, 29.2, 29.2
768, 0_3, 0_3, 0.0, 12127.9726, 23409, 43.8, 43.8
769, 0_1, 0_1, 0.0, 12127.9726, 44521, 14.6, 14.6
770, 46_242, 46_242, 0.0, 12127.9726, 1, 240.05052246, 240.05052246
771, 1_232, 1_232, 0.0, 12127.9726, 81, 206.647171123, 206.647171123
772, 12_20, 12_20, 0.0, 12127.9726, 441, 124.171548002, 124.171548002
773, 1_31, 1_31, 0.0, 12127.9726, 1156, 125.876500322, 125.876500322
774, 4_207, 4_207, 0.0, 12127.9726, 225, 192.771609251, 192.771609251
775, 1_33, 1_33, 0.0, 12127.9726, 11881, 52.6410486218, 52.6410486218
776, 21_230, 21_230, 0.0, 12127.9726, 9, 232.838341631, 232.838341631
777, 92_120, 92_120, 0.0, 12127.9726, 1225, 153.357925564, 153.357925564
778, 13_91, 13_91, 0.0, 12127.9726, 729, 124.171548002, 124.171548002
779, 2_85, 2_85, 0.0, 12127.9726, 1444, 107.618276019, 107.618276019
780, 45_75, 45_75, 0.0, 12127.9726, 1, 208.700007986, 208.700007986
781, 0_240, 0_240, 0.0, 12127.9726, 9, 240.936865866, 240.936865866
782, 10_108, 10_108, 0.0, 12127.9726, 225, 209.718891217, 209.718891217
783, 21_126, 21_126, 0.0, 12127.9726, 81, 223.496070062, 223.496070062
784, 1_231, 1_231, 0.0, 12127.9726, 1, 236.020790045, 236.020790045
785, 21_74, 21_74, 0.0, 12127.9726, 225, 192.771609251, 192.771609251
786, 10_119, 10_119, 0.0, 12127.9726, 484, 137.993816287, 137.993816287
787, 4_145, 4_145, 0.0, 12127.9726, 441, 161.482424224, 161.482424224
788, 4_85, 4_85, 0.0, 12127.9726, 729, 88.0046210908, 88.0046210908
789, 31_217, 31_217, 0.0, 12127.9726, 36, 160.156964673, 160.156964673
790, 75_108, 75_108, 0.0, 12127.9726, 1, 233.752033859, 233.752033859
791, 20_48, 20_48, 0.0, 12127.9726, 81, 151.961617961, 151.961617961
792, 13_20, 13_20, 0.0, 12127.9726, 441, 109.581081092, 109.581081092
793, 5_120, 5_120, 0.0, 12127.9726, 324, 103.581143715, 103.581143715
794, 5_127, 5_127, 0.0, 12127.9726, 225, 166.03822853, 166.03822853
795, 8_220, 8_220, 0.0, 12127.9726, 9, 226.339243909, 226.339243909
796, 7_207, 7_207, 0.0, 12127.9726, 36, 211.741949867, 211.741949867
797, 60_74, 60_74, 0.0, 12127.9726, 9, 211.741949867, 211.741949867
798, 60_126, 60_126, 0.0, 12127.9726, 9, 236.020790045, 236.020790045
799, 5_232, 5_232, 0.0, 12127.9726, 25, 216.716989028, 216.716989028
800, 10_101, 10_101, 0.0, 12127.9726, 576, 124.171548002, 124.171548002
801, 75_188, 75_188, 0.0, 12127.9726, 16, 186.018744575, 186.018744575
802, 92_138, 92_138, 0.0, 12127.9726, 784, 161.482424224, 161.482424224
803, 20_194, 20_194, 0.0, 12127.9726, 49, 216.716989028, 216.716989028
804, 10_100, 10_100, 0.0, 12127.9726, 900, 113.404820591, 113.404820591
805, 0_200, 0_200, 0.0, 12127.9726, 484, 189.987087281, 189.987087281
806, 59_91, 59_91, 0.0, 12127.9726, 36, 231.00011544, 231.00011544
807, 86_91, 86_91, 0.0, 12127.9726, 900, 183.712637925, 183.712637925
808, 60_242, 60_242, 0.0, 12127.9726, 1, 237.820212205, 237.820212205
809, 71_91, 71_91, 0.0, 12127.9726, 676, 192.771609251, 192.771609251
810, 6_220, 6_220, 0.0, 12127.9726, 49, 212.746265145, 212.746265145
811, 91_160, 91_160, 0.0, 12127.9726, 9, 242.699842055, 242.699842055
812, 101_120, 101_120, 0.0, 12127.9726, 64, 22.3018683821, 22.3018683821
813, 75_101, 75_101, 0.0, 12127.9726, 841, 132.477067198, 132.477067198
814, 75_100, 75_100, 0.0, 12127.9726, 900, 118.010395022, 118.010395022
815, 0_186, 0_186, 0.0, 12127.9726, 625, 182.54866018, 182.54866018
816, 20_109, 20_109, 0.0, 12127.9726, 81, 219.64793041, 219.64793041
817, 10_32, 10_32, 0.0, 12127.9726, 441, 160.821059981, 160.821059981
818, 20_29, 20_29, 0.0, 12127.9726, 289, 46.9324337035, 46.9324337035
819, 20_21, 20_21, 0.0, 12127.9726, 225, 161.482424224, 161.482424224
820, 91_205, 91_205, 0.0, 12127.9726, 9, 229.147143411, 229.147143411
821, 20_23, 20_23, 0.0, 12127.9726, 289, 132.477067198, 132.477067198
822, 20_22, 20_22, 0.0, 12127.9726, 256, 146.97011034, 146.97011034
823, 91_161, 91_161, 0.0, 12127.9726, 1, 257.197693095, 257.197693095
824, 91_209, 91_209, 0.0, 12127.9726, 729, 119.506150469, 119.506150469
825, 20_28, 20_28, 0.0, 12127.9726, 361, 60.7846471844, 60.7846471844
826, 20_101, 20_101, 0.0, 12127.9726, 2304, 102.547029861, 102.547029861
827, 0_181, 0_181, 0.0, 12127.9726, 2116, 157.472579624, 157.472579624
828, 46_217, 46_217, 0.0, 12127.9726, 36, 212.746265145, 212.746265145
829, 3_75, 3_75, 0.0, 12127.9726, 225, 115.883907425, 115.883907425
830, 7_204, 7_204, 0.0, 12127.9726, 36, 166.03822853, 166.03822853
831, 4_10, 4_10, 0.0, 12127.9726, 10000, 66.9056051464, 66.9056051464
832, 3_70, 3_70, 0.0, 12127.9726, 1296, 93.864867407, 93.864867407
833, 20_26, 20_26, 0.0, 12127.9726, 400, 89.2074735285, 89.2074735285
834, 20_27, 20_27, 0.0, 12127.9726, 400, 74.9213810159, 74.9213810159
835, 20_24, 20_24, 0.0, 12127.9726, 324, 118.010395022, 118.010395022
836, 20_25, 20_25, 0.0, 12127.9726, 361, 103.581143715, 103.581143715
837, 8_189, 8_189, 0.0, 12127.9726, 36, 149.129786875, 149.129786875
838, 32_60, 32_60, 0.0, 12127.9726, 9, 194.42318106, 194.42318106
839, 0_49, 0_49, 0.0, 12127.9726, 13689, 52.6410486218, 52.6410486218
840, 0_48, 0_48, 0.0, 12127.9726, 12769, 50.575883581, 50.575883581
841, 0_47, 0_47, 0.0, 12127.9726, 11449, 52.6410486218, 52.6410486218
842, 0_46, 0_46, 0.0, 12127.9726, 9801, 58.4, 58.4
843, 33_155, 33_155, 0.0, 12127.9726, 121, 160.821059981, 160.821059981
844, 0_44, 0_44, 0.0, 12127.9726, 1156, 149.842762032, 149.842762032
845, 0_43, 0_43, 0.0, 12127.9726, 1521, 135.65696935, 135.65696935
846, 0_42, 0_42, 0.0, 12127.9726, 1521, 115.883907425, 115.883907425
847, 0_41, 0_41, 0.0, 12127.9726, 2704, 102.2, 102.2
848, 0_40, 0_40, 0.0, 12127.9726, 4489, 88.8083329424, 88.8083329424
849, 20_100, 20_100, 0.0, 12127.9726, 2304, 111.509341911, 111.509341911
850, 20_146, 20_146, 0.0, 12127.9726, 169, 207.676126055, 207.676126055
851, 0_6, 0_6, 0.0, 12127.9726, 6561, 87.6, 87.6
852, 20_140, 20_140, 0.0, 12127.9726, 841, 101.151767162, 101.151767162
853, 21_203, 21_203, 0.0, 12127.9726, 100, 204.573735688, 204.573735688
854, 6_218, 6_218, 0.0, 12127.9726, 9, 184.869287155, 184.869287155
855, 1_109, 1_109, 0.0, 12127.9726, 1764, 124.171548002, 124.171548002
856, 0_128, 0_128, 0.0, 12127.9726, 3025, 121.569294369, 121.569294369
857, 0_129, 0_129, 0.0, 12127.9726, 3481, 118.910106103, 118.910106103
858, 7_232, 7_232, 0.0, 12127.9726, 9, 227.279064881, 227.279064881
859, 99_232, 99_232, 0.0, 12127.9726, 9, 124.742454682, 124.742454682
860, 98_120, 98_120, 0.0, 12127.9726, 676, 65.8350463912, 65.8350463912
861, 1_102, 1_102, 0.0, 12127.9726, 1521, 121.569294369, 121.569294369
862, 0_121, 0_121, 0.0, 12127.9726, 1089, 157.472579624, 157.472579624
863, 0_122, 0_122, 0.0, 12127.9726, 961, 169.2172962, 169.2172962
864, 0_123, 0_123, 0.0, 12127.9726, 784, 181.377212828, 181.377212828
865, 0_124, 0_124, 0.0, 12127.9726, 576, 193.874220394, 193.874220394
866, 0_125, 0_125, 0.0, 12127.9726, 361, 206.647171123, 206.647171123
867, 0_126, 0_126, 0.0, 12127.9726, 169, 219.64793041, 219.64793041
868, 0_204, 0_204, 0.0, 12127.9726, 36, 216.716989028, 216.716989028
869, 75_230, 75_230, 0.0, 12127.9726, 1, 223.496070062, 223.496070062
870, 6_43, 6_43, 0.0, 12127.9726, 576, 55.2747078991, 55.2747078991
871, 0_192, 0_192, 0.0, 12127.9726, 16, 234.662168517, 234.662168517
872, 0_194, 0_194, 0.0, 12127.9726, 1369, 168.586278603, 168.586278603
873, 6_138, 6_138, 0.0, 12127.9726, 225, 113.404820591, 113.404820591
874, 0_196, 0_196, 0.0, 12127.9726, 1369, 171.096386091, 171.096386091
875, 93_138, 93_138, 0.0, 12127.9726, 784, 146.97011034, 146.97011034
876, 99_120, 99_120, 0.0, 12127.9726, 441, 51.2735149305, 51.2735149305
877, 0_193, 0_193, 0.0, 12127.9726, 1156, 169.2172962, 169.2172962
878, 5_46, 5_46, 0.0, 12127.9726, 729, 114.029645268, 114.029645268
879, 0_106, 0_106, 0.0, 12127.9726, 841, 181.377212828, 181.377212828
880, 2_173, 2_173, 0.0, 12127.9726, 225, 169.2172962, 169.2172962
881, 5_43, 5_43, 0.0, 12127.9726, 841, 67.4345114413, 67.4345114413
882, 2_178, 2_178, 0.0, 12127.9726, 900, 164.101228921, 164.101228921
883, 0_238, 0_238, 0.0, 12127.9726, 25, 227.279064881, 227.279064881
884, 5_231, 5_231, 0.0, 12127.9726, 1, 205.094059722, 205.094059722
885, 0_205, 0_205, 0.0, 12127.9726, 25, 226.809641182, 226.809641182
886, 0_127, 0_127, 0.0, 12127.9726, 2401, 125.876500322, 125.876500322
887, 7_46, 7_46, 0.0, 12127.9726, 81, 140.79730111, 140.79730111
888, 20_180, 20_180, 0.0, 12127.9726, 144, 202.479068877, 202.479068877
889, 33_230, 33_230, 0.0, 12127.9726, 9, 229.147143411, 229.147143411
890, 91_235, 91_235, 0.0, 12127.9726, 64, 157.923145865, 157.923145865
891, 20_147, 20_147, 0.0, 12127.9726, 324, 196.060840897, 196.060840897
892, 2_33, 2_33, 0.0, 12127.9726, 7744, 63.6399245757, 63.6399245757
893, 2_31, 2_31, 0.0, 12127.9726, 1156, 111.509341911, 111.509341911
894, 1_10, 1_10, 0.0, 12127.9726, 30625, 25.2879417905, 25.2879417905
895, 91_237, 91_237, 0.0, 12127.9726, 36, 179.407803621, 179.407803621
896, 91_236, 91_236, 0.0, 12127.9726, 49, 168.375413882, 168.375413882
897, 1_220, 1_220, 0.0, 12127.9726, 289, 194.42318106, 194.42318106
898, 20_187, 20_187, 0.0, 12127.9726, 225, 151.961617961, 151.961617961
899, 20_186, 20_186, 0.0, 12127.9726, 225, 156.113078675, 156.113078675
900, 20_185, 20_185, 0.0, 12127.9726, 225, 161.482424224, 161.482424224
901, 20_184, 20_184, 0.0, 12127.9726, 225, 167.95289022, 167.95289022
902, 20_183, 20_183, 0.0, 12127.9726, 225, 175.402660565, 175.402660565
903, 20_182, 20_182, 0.0, 12127.9726, 225, 183.712637925, 183.712637925
904, 0_206, 0_206, 0.0, 12127.9726, 9, 237.371635486, 237.371635486
905, 75_99, 75_99, 0.0, 12127.9726, 900, 103.581143715, 103.581143715
906, 6_46, 6_46, 0.0, 12127.9726, 324, 127.279849151, 127.279849151
907, 75_94, 75_94, 0.0, 12127.9726, 225, 33.7172557207, 33.7172557207
908, 2_43, 2_43, 0.0, 12127.9726, 1444, 107.618276019, 107.618276019
909, 7_43, 7_43, 0.0, 12127.9726, 324, 44.6037367642, 44.6037367642
910, 60_217, 60_217, 0.0, 12127.9726, 9, 211.238001632, 211.238001632
911, 2_204, 2_204, 0.0, 12127.9726, 36, 198.22334205, 198.22334205
912, 75_96, 75_96, 0.0, 12127.9726, 576, 60.7846471844, 60.7846471844
913, 75_97, 75_97, 0.0, 12127.9726, 729, 74.9213810159, 74.9213810159
914, 75_95, 75_95, 0.0, 12127.9726, 400, 46.9324337035, 46.9324337035
915, 75_98, 75_98, 0.0, 12127.9726, 841, 89.2074735285, 89.2074735285
916, 75_92, 75_92, 0.0, 12127.9726, 100, 16.8586278603, 16.8586278603
917, 75_93, 75_93, 0.0, 12127.9726, 81, 22.3018683821, 22.3018683821
918, 75_90, 75_90, 0.0, 12127.9726, 1, 226.339243909, 226.339243909
919, 75_91, 75_91, 0.0, 12127.9726, 100, 22.3018683821, 22.3018683821
920, 3_156, 3_156, 0.0, 12127.9726, 441, 146.243130893, 146.243130893
921, 1_85, 1_85, 0.0, 12127.9726, 1764, 118.910106103, 118.910106103
922, 7_138, 7_138, 0.0, 12127.9726, 225, 110.549415798, 110.549415798
923, 20_229, 20_229, 0.0, 12127.9726, 9, 186.018744575, 186.018744575
924, 0_198, 0_198, 0.0, 12127.9726, 900, 178.414947057, 178.414947057
925, 5_156, 5_156, 0.0, 12127.9726, 256, 132.477067198, 132.477067198
926, 0_208, 0_208, 0.0, 12127.9726, 841, 181.377212828, 181.377212828
927, 91_202, 91_202, 0.0, 12127.9726, 64, 190.919773727, 190.919773727
928, 8_127, 8_127, 0.0, 12127.9726, 9, 199.295793567, 199.295793567
929, 60_144, 60_144, 0.0, 12127.9726, 4, 245.320552203, 245.320552203
930, 91_203, 91_203, 0.0, 12127.9726, 16, 204.4, 204.4
931, 91_204, 91_204, 0.0, 12127.9726, 36, 215.236552038, 215.236552038
932, 20_204, 20_204, 0.0, 12127.9726, 9, 151.727650743, 151.727650743
933, 31_155, 31_155, 0.0, 12127.9726, 729, 113.404820591, 113.404820591
934, 20_205, 20_205, 0.0, 12127.9726, 16, 152.42847503, 152.42847503
935, 20_206, 20_206, 0.0, 12127.9726, 9, 154.511876566, 154.511876566
936, 20_207, 20_207, 0.0, 12127.9726, 9, 231.00011544, 231.00011544
937, 20_200, 20_200, 0.0, 12127.9726, 100, 170.472324245, 170.472324245
938, 9_33, 9_33, 0.0, 12127.9726, 16, 157.923145865, 157.923145865
939, 70_119, 70_119, 0.0, 12127.9726, 576, 51.2735149305, 51.2735149305
940, 91_168, 91_168, 0.0, 12127.9726, 900, 127.279849151, 127.279849151
941, 91_169, 91_169, 0.0, 12127.9726, 576, 140.79730111, 140.79730111
942, 0_199, 0_199, 0.0, 12127.9726, 676, 183.712637925, 183.712637925
943, 91_223, 91_223, 0.0, 12127.9726, 256, 143.793323906, 143.793323906
944, 20_141, 20_141, 0.0, 12127.9726, 1024, 102.2, 102.2
945, 20_40, 20_40, 0.0, 12127.9726, 484, 72.0200897898, 72.0200897898
946, 20_41, 20_41, 0.0, 12127.9726, 484, 59.0051975112, 59.0051975112
947, 20_47, 20_47, 0.0, 12127.9726, 49, 166.03822853, 166.03822853
948, 20_46, 20_46, 0.0, 12127.9726, 36, 180.198150194, 180.198150194
949, 91_222, 91_222, 0.0, 12127.9726, 324, 133.811210293, 133.811210293
950, 20_49, 20_49, 0.0, 12127.9726, 144, 137.993816287, 137.993816287
951, 3_10, 3_10, 0.0, 12127.9726, 15129, 52.6410486218, 52.6410486218
952, 91_221, 91_221, 0.0, 12127.9726, 400, 124.742454682, 124.742454682
953, 91_226, 91_226, 0.0, 12127.9726, 100, 177.616665885, 177.616665885
954, 91_227, 91_227, 0.0, 12127.9726, 64, 189.8, 189.8
955, 91_224, 91_224, 0.0, 12127.9726, 196, 154.511876566, 154.511876566
956, 91_225, 91_225, 0.0, 12127.9726, 144, 165.824123697, 165.824123697
957, 6_91, 6_91, 0.0, 12127.9726, 100, 172.955061601, 172.955061601
958, 9_31, 9_31, 0.0, 12127.9726, 36, 22.3018683821, 22.3018683821
959, 91_206, 91_206, 0.0, 12127.9726, 1, 243.138588738, 243.138588738
960, 20_208, 20_208, 0.0, 12127.9726, 25, 221.580354123, 221.580354123
961, 3_85, 3_85, 0.0, 12127.9726, 1089, 97.2115905298, 97.2115905298
962, 85_93, 85_93, 0.0, 12127.9726, 2304, 140.291743639, 140.291743639
963, 85_92, 85_92, 0.0, 12127.9726, 2304, 154.74163413, 154.74163413
964, 85_95, 85_95, 0.0, 12127.9726, 2304, 111.509341911, 111.509341911
965, 85_94, 85_94, 0.0, 12127.9726, 2304, 125.876500322, 125.876500322
966, 85_97, 85_97, 0.0, 12127.9726, 1936, 83.0191142649, 83.0191142649
967, 85_96, 85_96, 0.0, 12127.9726, 2304, 97.2115905298, 97.2115905298
968, 9_46, 9_46, 0.0, 12127.9726, 9, 168.375413882, 168.375413882
969, 20_209, 20_209, 0.0, 12127.9726, 36, 212.746265145, 212.746265145
970, 91_143, 91_143, 0.0, 12127.9726, 9, 248.771890159, 248.771890159
971, 4_46, 4_46, 0.0, 12127.9726, 1296, 101.151767162, 101.151767162
972, 8_43, 8_43, 0.0, 12127.9726, 121, 36.742527585, 36.742527585
973, 6_145, 6_145, 0.0, 12127.9726, 100, 180.198150194, 180.198150194
974, 8_46, 8_46, 0.0, 12127.9726, 36, 154.511876566, 154.511876566
975, 4_43, 4_43, 0.0, 12127.9726, 1089, 80.4105299904, 80.4105299904
976, 85_91, 85_91, 0.0, 12127.9726, 1521, 169.2172962, 169.2172962
977, 9_162, 9_162, 0.0, 12127.9726, 1, 215.236552038, 215.236552038
978, 85_98, 85_98, 0.0, 12127.9726, 1521, 68.9969081433, 68.9969081433
979, 85_99, 85_99, 0.0, 12127.9726, 1089, 55.2747078991, 55.2747078991
980, 91_139, 91_139, 0.0, 12127.9726, 441, 190.547246984, 190.547246984
981, 91_138, 91_138, 0.0, 12127.9726, 784, 176.009242182, 176.009242182
982, 1_178, 1_178, 0.0, 12127.9726, 1225, 160.156964673, 160.156964673
983, 0_38, 0_38, 0.0, 12127.9726, 10609, 63.6399245757, 63.6399245757
984, 0_39, 0_39, 0.0, 12127.9726, 7056, 75.8638253715, 75.8638253715
985, 0_36, 0_36, 0.0, 12127.9726, 21609, 43.8, 43.8
986, 0_37, 0_37, 0.0, 12127.9726, 15376, 52.6410486218, 52.6410486218
987, 0_34, 0_34, 0.0, 12127.9726, 19321, 38.6279691415, 38.6279691415
988, 0_35, 0_35, 0.0, 12127.9726, 20736, 38.6279691415, 38.6279691415
989, 91_135, 91_135, 0.0, 12127.9726, 576, 133.811210293, 133.811210293
990, 0_33, 0_33, 0.0, 12127.9726, 17424, 43.8, 43.8
991, 0_30, 0_30, 0.0, 12127.9726, 1369, 119.506150469, 119.506150469
992, 0_31, 0_31, 0.0, 12127.9726, 1156, 140.291743639, 140.291743639
993, 20_181, 20_181, 0.0, 12127.9726, 196, 192.771609251, 192.771609251
994, 2_46, 2_46, 0.0, 12127.9726, 3721, 77.2559382831, 77.2559382831
995, 60_137, 60_137, 0.0, 12127.9726, 169, 149.129786875, 149.129786875
996, 21_108, 21_108, 0.0, 12127.9726, 144, 212.746265145, 212.746265145
997, 21_242, 21_242, 0.0, 12127.9726, 1, 247.052248185, 247.052248185
