date,Julian,,Observer flag,Observer Notes,Staus,xrfi avg,nxants,Standard deviation of flags,Nants,Nxants/Nants,IDR3 good,Note,Good JDS,Bad Antennas,All Antennas,PARAMETERS FOR CUTS,,
,,,131,,,,,,,,107,,,,,,,
29 Sept 2017,2458026,12.74195756,0,,,0.07660193199,7,0.01205452364,33,0.2121212121,FALSE,,,,"41,86,36,51,67,68,69,70,71,85,0,1,11,12,13,14,2,23,24,25,26,27,37,38,39,40,52,53,54,55,84,87",Cut thresholds,flag above this level,
30 Sept 2017,2458027,12.80766598,0,,,0.06549409034,8,0.009117650351,32,0.25,FALSE,,,,"41,86,36,51,67,68,69,70,71,85,0,1,11,12,13,14,2,23,24,25,26,27,37,38,39,40,52,53,54,55,84,87",mean flags,0.05,mean flags across the whole night
1 Oct 2017,2458028,12.8733744,0,,,0.06700412918,8,0.0226782221,32,0.25,FALSE,,,,"41,86,36,51,67,68,69,70,71,85,0,1,11,12,13,14,2,23,24,25,26,27,37,38,39,40,52,53,54,55,84,87",variance cut,0.1,time variation of spectrally averaged flags
2 Oct 2017,2458029,12.93908282,0,,,0.0625018125,2,0.008610009471,32,0.0625,FALSE,,,,"41,86,36,51,67,68,69,70,71,85,0,1,11,12,13,14,2,23,24,25,26,27,37,38,39,40,52,53,54,55,84,87",Nant frac cut,0.25,what fraction of the array is bad
3 Oct 2017,2458030,13.00479124,0,,,0.07681610037,3,0.01847792062,32,0.09375,FALSE,,,,"41,86,36,51,67,68,69,70,71,85,0,1,11,12,13,14,2,23,24,25,26,27,37,38,39,40,52,53,54,55,84,87",,,
4 Oct 2017,2458031,13.07049966,1,,,N/A,0,N/A,0,#DIV/0!,FALSE,,,,"41,86,36,51,50,98,123,65,82,120,143,66,83,122,67,68,69,70,71,85,0,1,11,12,13,14,2,23,24,25,26,27,37,38,39,40,52,53,54,55,84,87",,,
5 Oct 2017,2458032,13.13620808,1,,,0.4535281956,19,0.03640695491,46,0.4130434783,FALSE,,,,"41,86,36,51,50,98,123,65,82,120,143,66,83,122,67,68,69,70,71,85,0,1,11,12,13,14,2,23,24,25,26,27,37,38,39,40,52,53,54,55,84,87",,,
6 Oct 2017,2458033,13.2019165,1,,,0.3957092342,21,0.1221058052,47,0.4468085106,FALSE,,,,"121,88,41,86,36,51,50,98,123,124,65,82,120,143,66,83,122,67,68,69,70,71,85,0,1,11,12,13,14,2,23,24,25,26,27,37,38,39,40,52,53,54,55,84,87,141,142",,,
7 Oct 2017,2458034,13.26762491,0,,,0.06657506901,18,0.03769080674,47,0.3829787234,FALSE,,,,"121,88,41,86,36,51,50,98,123,124,65,82,120,143,66,83,122,67,68,69,70,71,85,0,1,11,12,13,14,2,23,24,25,26,27,37,38,39,40,52,53,54,55,84,87,141,142",,,
8 Oct 2017,2458035,13.33333333,0,,,0.0427141587,19,0.0184138228,47,0.4042553191,FALSE,,,,"121,88,41,86,36,51,50,98,123,124,65,82,120,143,66,83,122,67,68,69,70,71,85,0,1,11,12,13,14,2,23,24,25,26,27,37,38,39,40,52,53,54,55,84,87,141,142",,,
9 Oct 2017,2458036,13.39904175,0,,,0.04212337022,19,0.009094345126,47,0.4042553191,FALSE,,,,"121,88,41,86,36,51,50,98,123,124,65,82,120,143,66,83,122,67,68,69,70,71,85,0,1,11,12,13,14,2,23,24,25,26,27,37,38,39,40,52,53,54,55,84,87,141,142",,,
10 Oct 2017,2458037,13.46475017,0,,,0.1508327439,5,0.03765317225,35,0.1428571429,FALSE,,,,"121,88,41,86,36,51,50,98,123,124,65,82,120,143,66,83,122,67,68,69,70,71,85,0,1,11,12,13,14,2,23,24,25,26,27,37,38,39,40,52,53,54,55,84,87,141,142",,,
11 Oct 2017,2458038,13.53045859,0,,,0.0823798511,17,0.01452130277,47,0.3617021277,FALSE,,,,"121,88,41,86,36,51,50,98,123,124,65,82,120,143,66,83,122,67,68,69,70,71,85,0,1,11,12,13,14,2,23,24,25,26,27,37,38,39,40,52,53,54,55,84,87,141,142",,,
12 Oct 2017,2458039,13.59616701,0,,,0.07937560868,6,0.01041630395,47,0.1276595745,FALSE,,,,"121,88,41,86,36,51,50,98,123,124,65,82,120,143,66,83,122,67,68,69,70,71,85,0,1,11,12,13,14,2,23,24,25,26,27,37,38,39,40,52,53,54,55,84,87,141,142",,,
13 Oct 2017,2458040,13.66187543,0,,,0.07739577059,4,0.01131078942,47,0.08510638298,FALSE,,,,"121,88,41,86,36,51,50,98,123,124,65,82,120,143,66,83,122,67,68,69,70,71,85,0,1,11,12,13,14,2,23,24,25,26,27,37,38,39,40,52,53,54,55,84,87,141,142",,,
14 Oct 2017,2458041,13.72758385,0,,,0.0117027132,4,0.004482565908,47,0.08510638298,TRUE,,2458041,"0,50,98,2","121,88,41,86,36,51,50,98,123,124,65,82,120,143,66,83,122,67,68,69,70,71,85,0,1,11,12,13,14,2,23,24,25,26,27,37,38,39,40,52,53,54,55,84,87,141,142",,,
15 Oct 2017,2458042,13.79329227,0,Golden Day/IDR1,,0.008997540875,5,0.003116808503,47,0.1063829787,TRUE,,2458042,"0,11,50,2,98","121,88,41,86,36,51,50,98,123,124,65,82,120,143,66,83,122,67,68,69,70,71,85,0,1,11,12,13,14,2,23,24,25,26,27,37,38,39,40,52,53,54,55,84,87,141,142",,,
16 Oct 2017,2458043,13.85900068,0,,,0.008371993605,4,0.002080666146,47,0.08510638298,TRUE,,2458043,"0,50,98,2","121,88,41,86,36,51,50,98,123,124,65,82,120,143,66,83,122,67,68,69,70,71,85,0,1,11,12,13,14,2,23,24,25,26,27,37,38,39,40,52,53,54,55,84,87,141,142",,,
17 Oct 2017,2458044,13.9247091,0,,,0.008059650653,4,0.001811199184,47,0.08510638298,TRUE,,2458044,"0,50,98,2","121,88,41,86,36,51,50,98,123,124,65,82,120,143,66,83,122,67,68,69,70,71,85,0,1,11,12,13,14,2,23,24,25,26,27,37,38,39,40,52,53,54,55,84,87,141,142",,,
18 Oct 2017,2458045,13.99041752,0,,,0.009875408926,4,0.003659651887,47,0.08510638298,TRUE,,2458045,"0,50,98,2","121,88,41,86,36,51,50,98,123,124,65,82,120,143,66,83,122,67,68,69,70,71,85,0,1,11,12,13,14,2,23,24,25,26,27,37,38,39,40,52,53,54,55,84,87,141,142",,,
19 Oct 2017,2458046,14.05612594,0,,,0.008207196747,4,0.002161546786,47,0.08510638298,TRUE,,2458046,"0,50,2,98","121,88,41,86,36,51,50,98,123,124,65,82,120,143,66,83,122,67,68,69,70,71,85,0,1,11,12,13,14,2,23,24,25,26,27,37,38,39,40,52,53,54,55,84,87,141,142",,,
20 Oct 2017,2458047,14.12183436,0,,,0.007317602169,4,0.001910324785,47,0.08510638298,TRUE,,2458047,"0,50,98,2","121,88,41,86,36,51,50,98,123,124,65,82,120,143,66,83,122,67,68,69,70,71,85,0,1,11,12,13,14,2,23,24,25,26,27,37,38,39,40,52,53,54,55,84,87,141,142",,,
21 Oct 2017,2458048,14.18754278,0,,,0.007576209556,4,0.001794632135,47,0.08510638298,TRUE,,2458048,"0,50,98,2","121,88,41,86,36,51,50,98,123,124,65,82,120,143,66,83,122,67,68,69,70,71,85,0,1,11,12,13,14,2,23,24,25,26,27,37,38,39,40,52,53,54,55,84,87,141,142",,,
22 Oct 2017,2458049,14.2532512,0,,,0.007916122387,4,0.002779987431,47,0.08510638298,TRUE,,2458049,"0,50,98,2","121,88,41,86,36,51,50,98,123,124,65,82,120,143,66,83,122,67,68,69,70,71,85,0,1,11,12,13,14,2,23,24,25,26,27,37,38,39,40,52,53,54,55,84,87,141,142",,,
23 Oct 2017,2458050,14.31895962,0,,,0.009947637051,3,0.002906603158,47,0.06382978723,TRUE,,2458050,"0,98,2","121,88,41,86,36,51,50,98,123,124,65,82,120,143,66,83,122,67,68,69,70,71,85,0,1,11,12,13,14,2,23,24,25,26,27,37,38,39,40,52,53,54,55,84,87,141,142",,,
24 Oct 2017,2458051,14.38466804,0,,,0.008199401771,3,0.001968173998,47,0.06382978723,TRUE,,2458051,"0,2,98","121,88,41,86,36,51,50,98,123,124,65,82,120,143,66,83,122,67,68,69,70,71,85,0,1,11,12,13,14,2,23,24,25,26,27,37,38,39,40,52,53,54,55,84,87,141,142",,,
25 Oct 2017,2458052,14.45037645,0,,,0.01023091643,4,0.003865732727,47,0.08510638298,TRUE,,2458052,"0,98,50,2","121,88,41,86,36,51,50,98,123,124,65,82,120,143,66,83,122,67,68,69,70,71,85,0,1,11,12,13,14,2,23,24,25,26,27,37,38,39,40,52,53,54,55,84,87,141,142",,,
26 Oct 2017,2458053,14.51608487,1,Roach 6 stopped roaching. Roaches restarted. then an xengine (px4) died and was restarted,,0.06148312426,20,0.06096727567,47,0.4255319149,FALSE,,,,"121,88,41,86,36,51,50,98,123,124,65,82,120,143,66,83,122,67,68,69,70,71,85,0,1,11,12,13,14,2,23,24,25,26,27,37,38,39,40,52,53,54,55,84,87,141,142",,,
27 Oct 2017,2458054,14.58179329,0,,,0.007857582467,3,0.002195517718,47,0.06382978723,TRUE,,2458054,"50,2,98","121,88,41,86,36,51,50,98,123,124,65,82,120,143,66,83,122,67,68,69,70,71,85,0,1,11,12,13,14,2,23,24,25,26,27,37,38,39,40,52,53,54,55,84,87,141,142",,,
28 Oct 2017,2458055,14.64750171,0,,,0.007348666456,4,0.002002734568,47,0.08510638298,TRUE,,2458055,"0,50,11,98","121,88,41,86,36,51,50,98,123,124,65,82,120,143,66,83,122,67,68,69,70,71,85,0,1,11,12,13,14,2,23,24,25,26,27,37,38,39,40,52,53,54,55,84,87,141,142",,,
29 Oct 2017,2458056,14.71321013,0,,,0.02648942603,4,0.04535655001,47,0.08510638298,TRUE,,2458056,"0,50,2,98","121,88,41,86,36,51,50,98,123,124,65,82,120,143,66,83,122,67,68,69,70,71,85,0,1,11,12,13,14,2,23,24,25,26,27,37,38,39,40,52,53,54,55,84,87,141,142",,,
30 Oct 2017,2458057,14.77891855,1,"X engine borked, first half of the night",,0.05336786407,5,0.05969283977,47,0.1063829787,FALSE,,,,"121,88,41,86,36,51,50,98,123,124,65,82,120,143,66,83,122,67,68,69,70,71,85,0,1,11,12,13,14,2,23,24,25,26,27,37,38,39,40,52,53,54,55,84,87,141,142",,,
31 Oct 2017,2458058,14.84462697,0,,,0.006939784178,4,0.002155452145,47,0.08510638298,TRUE,,2458058,"0,50,2,98","121,88,41,86,36,51,50,98,123,124,65,82,120,143,66,83,122,67,68,69,70,71,85,0,1,11,12,13,14,2,23,24,25,26,27,37,38,39,40,52,53,54,55,84,87,141,142",,,
1 Nov 2017,2458059,14.91033539,0,,,0.007182691203,3,0.002560688873,47,0.06382978723,TRUE,,2458059,"0,50,98","121,88,41,86,36,51,50,98,123,124,65,82,120,143,66,83,122,67,68,69,70,71,85,0,1,11,12,13,14,2,23,24,25,26,27,37,38,39,40,52,53,54,55,84,87,141,142",,,
2 Nov 2017,2458060,14.97604381,1,"power outage on site, correlator reset, xbox error no data!",,N/A,0,N/A,0,#DIV/0!,FALSE,,,,"121,88,41,86,36,51,50,98,123,124,65,82,120,143,66,83,122,67,68,69,70,71,85,0,1,11,12,13,14,2,23,24,25,26,27,37,38,39,40,52,53,54,55,84,87,141,142",,,
3 Nov 2017,2458061,15.04175222,0,"discovered xbox error (timing mismatch), power cycled xbox and back on air",,0.01184202179,3,0.005236347539,47,0.06382978723,TRUE,,2458061,"0,98,50","121,88,41,86,36,51,50,98,123,124,65,82,120,143,66,83,122,67,68,69,70,71,85,0,1,11,12,13,14,2,23,24,25,26,27,37,38,39,40,52,53,54,55,84,87,141,142",,,
4 Nov 2017,2458062,15.10746064,0,,,0.008334649173,1,0.002055482959,47,0.02127659574,TRUE,,2458062,98,"121,88,41,86,36,51,50,98,123,124,65,82,120,143,66,83,122,67,68,69,70,71,85,0,1,11,12,13,14,2,23,24,25,26,27,37,38,39,40,52,53,54,55,84,87,141,142",,,
5 Nov 2017,2458063,15.17316906,0,,,0.007834704797,2,0.002067659202,47,0.04255319149,TRUE,,2458063,"98,50","121,88,41,86,36,51,50,98,123,124,65,82,120,143,66,83,122,67,68,69,70,71,85,0,1,11,12,13,14,2,23,24,25,26,27,37,38,39,40,52,53,54,55,84,87,141,142",,,
6 Nov 2017,2458064,15.23887748,0,,,0.007935972131,2,0.002506832754,47,0.04255319149,TRUE,,2458064,"98,142","121,88,41,86,36,51,50,98,123,124,65,82,120,143,66,83,122,67,68,69,70,71,85,0,1,11,12,13,14,2,23,24,25,26,27,37,38,39,40,52,53,54,55,84,87,141,142",,,
7 Nov 2017,2458065,15.3045859,0,,,0.00707110649,2,0.002056304787,47,0.04255319149,TRUE,,2458065,"98,142","121,88,41,86,36,51,50,98,123,124,65,82,120,143,66,83,122,67,68,69,70,71,85,0,1,11,12,13,14,2,23,24,25,26,27,37,38,39,40,52,53,54,55,84,87,141,142",,,
8 Nov 2017,2458066,15.37029432,0,,,0.007976008053,1,0.004944354442,47,0.02127659574,TRUE,,2458066,98,"121,88,41,86,36,51,50,98,123,124,65,82,120,143,66,83,122,67,68,69,70,71,85,0,1,11,12,13,14,2,23,24,25,26,27,37,38,39,40,52,53,54,55,84,87,141,142",,,
9 Nov 2017,2458067,15.43600274,0,Data link down during the day; observing seems unaffected,,0.007769099714,5,0.001954897557,47,0.1063829787,TRUE,,2458067,"0,120,98,2,142","121,88,41,86,36,51,50,98,123,124,65,82,120,143,66,83,122,67,68,69,70,71,85,0,1,11,12,13,14,2,23,24,25,26,27,37,38,39,40,52,53,54,55,84,87,141,142",,,
10 Nov 2017,2458068,15.50171116,0,,,0.007741960518,4,0.002160726022,47,0.08510638298,TRUE,,2458068,"0,98,2,142","121,88,41,86,36,51,50,98,123,124,65,82,120,143,66,83,122,67,68,69,70,71,85,0,1,11,12,13,14,2,23,24,25,26,27,37,38,39,40,52,53,54,55,84,87,141,142",,,
11 Nov 2017,2458069,15.56741958,0,,,0.008055407025,4,0.002331992759,47,0.08510638298,TRUE,,2458069,"0,50,98,142","121,88,41,86,36,51,50,98,123,124,65,82,120,143,66,83,122,67,68,69,70,71,85,0,1,11,12,13,14,2,23,24,25,26,27,37,38,39,40,52,53,54,55,84,87,141,142",,,
12 Nov 2017,2458070,15.63312799,0,,,0.008769773484,5,0.003199330496,47,0.1063829787,TRUE,,2458070,"0,50,2,98,142","121,88,41,86,36,51,50,98,123,124,65,82,120,143,66,83,122,67,68,69,70,71,85,0,1,11,12,13,14,2,23,24,25,26,27,37,38,39,40,52,53,54,55,84,87,141,142",,,
13 Nov 2017,2458071,15.69883641,0,Extra data taken to observe NGC4993,,0.009279505721,3,0.002717848084,47,0.06382978723,TRUE,,2458071,"50,98,142","121,88,41,86,36,51,50,98,123,124,65,82,120,143,66,83,122,67,68,69,70,71,85,0,1,11,12,13,14,2,23,24,25,26,27,37,38,39,40,52,53,54,55,84,87,141,142",,,
14 Nov 2017,2458072,15.76454483,0,Extra data taken to observe NGC4993,,0.007599545813,5,0.004586613093,47,0.1063829787,TRUE,,2458072,"50,2,98,14,142","121,88,41,86,36,51,50,98,123,124,65,82,120,143,66,83,122,67,68,69,70,71,85,0,1,11,12,13,14,2,23,24,25,26,27,37,38,39,40,52,53,54,55,84,87,141,142",,,
15 Nov 2017,2458073,15.83025325,1,"3 extra data files taken ~10am SAST; yy polarization missing; data transfer was invoked while acquisition was happening, so some data may be corrupted",,0.007391842451,5,0.002008374601,47,0.1063829787,FALSE,,,,"121,88,41,86,36,51,50,98,123,124,65,82,120,143,66,83,122,67,68,69,70,71,85,0,1,11,12,13,14,2,23,24,25,26,27,37,38,39,40,52,53,54,55,84,87,141,142",,,
16 Nov 2017,2458074,15.89596167,1,Data connection to container went down,,N/A,0,N/A,0,#DIV/0!,FALSE,,,,"121,88,41,86,36,51,50,98,123,124,65,82,120,143,66,83,122,67,68,69,70,71,85,0,1,11,12,13,14,2,23,24,25,26,27,37,38,39,40,52,53,54,55,84,87,141,142",,,
17 Nov 2017,2458075,15.96167009,1,,,N/A,0,N/A,0,#DIV/0!,FALSE,,,,"121,88,41,86,36,51,50,98,123,124,65,82,120,143,66,83,122,67,68,69,70,71,85,0,1,11,12,13,14,2,23,24,25,26,27,37,38,39,40,52,53,54,55,84,87,141,142",,,
18 Nov 2017,2458076,16.02737851,1,,,N/A,0,N/A,0,#DIV/0!,FALSE,,,,"121,88,41,86,36,51,50,98,123,124,65,82,120,143,66,83,122,67,68,69,70,71,85,0,1,11,12,13,14,2,23,24,25,26,27,37,38,39,40,52,53,54,55,84,87,141,142",,,
19 Nov 2017,2458077,16.09308693,1,,,N/A,0,N/A,0,#DIV/0!,FALSE,,,,"121,88,41,86,36,51,50,98,123,124,65,82,120,143,66,83,122,67,68,69,70,71,85,0,1,11,12,13,14,2,23,24,25,26,27,37,38,39,40,52,53,54,55,84,87,141",,,
20 Nov 2017,2458078,16.15879535,1,,,N/A,0,N/A,0,#DIV/0!,FALSE,,,,"121,88,41,86,36,51,50,98,123,124,65,82,120,143,66,83,122,67,68,69,70,71,85,0,1,11,12,13,14,2,23,24,25,26,27,37,38,39,40,52,53,54,55,84,87,141",,,
21 Nov 2017,2458079,16.22450376,1,,,N/A,0,N/A,0,#DIV/0!,FALSE,,,,"121,88,41,86,36,51,50,98,123,124,65,82,120,143,66,83,122,67,68,69,70,71,85,0,1,11,12,13,14,2,23,24,25,26,27,37,38,39,40,52,53,54,55,84,87,141",,,
22 Nov 2017,2458080,16.29021218,1,First day back after outage; roaches not synced at beginning of day,,0.007918222759,4,0.001949924489,47,0.08510638298,FALSE,,,,"121,88,41,86,36,51,50,98,123,124,65,82,120,143,66,83,122,67,68,69,70,71,85,0,1,11,12,13,14,2,23,24,25,26,27,37,38,39,40,52,53,54,55,84,87,141",,,
23 Nov 2017,2458081,16.3559206,0,,,0.007552434722,4,0.002291824657,47,0.08510638298,TRUE,,2458081,"0,50,98,142","121,88,41,86,36,51,50,98,123,124,65,82,120,143,66,83,122,67,68,69,70,71,85,0,1,11,12,13,14,2,23,24,25,26,27,37,38,39,40,52,53,54,55,84,87,141,142",,,
24 Nov 2017,2458082,16.42162902,1,Roaches not programmed first half of night,,0.007731557458,3,0.00234272044,47,0.06382978723,FALSE,,,,"121,88,41,86,36,51,50,98,123,124,65,82,120,143,66,83,122,67,68,69,70,71,85,0,1,11,12,13,14,2,23,24,25,26,27,37,38,39,40,52,53,54,55,84,87,141,142",,,
25 Nov 2017,2458083,16.48733744,0,,,0.008175066211,4,0.002084547451,47,0.08510638298,TRUE,,2458083,"0,50,98,142","121,88,41,86,36,51,50,98,123,124,65,82,120,143,66,83,122,67,68,69,70,71,85,0,1,11,12,13,14,2,23,24,25,26,27,37,38,39,40,52,53,54,55,84,87,141,142",,,
26 Nov 2017,2458084,16.55304586,0,,,0.008379058768,5,0.0023227148,52,0.09615384615,TRUE,,2458084,"136,65,50,139,0","136,140,121,88,41,86,36,51,50,98,123,124,65,137,82,120,143,66,83,122,67,68,69,70,71,85,0,1,11,12,13,14,2,23,24,25,26,27,37,38,39,40,52,53,54,55,84,87,141,138,142,139",,,
27 Nov 2017,2458085,16.61875428,0,,,0.007893693299,4,0.002270561239,52,0.07692307692,TRUE,,2458085,"0,50,139,98","136,140,121,88,41,86,36,51,50,98,123,124,65,137,82,120,143,66,83,122,67,68,69,70,71,85,0,1,11,12,13,14,2,23,24,25,26,27,37,38,39,40,52,53,54,55,84,87,141,138,142,139",,,
28 Nov 2017,2458086,16.6844627,0,,,0.007870479193,3,0.0020442224,52,0.05769230769,TRUE,,2458086,"50,139,98","136,140,121,88,41,86,36,51,50,98,123,124,65,137,82,120,143,66,83,122,67,68,69,70,71,85,0,1,11,12,13,14,2,23,24,25,26,27,37,38,39,40,52,53,54,55,84,87,141,138,142,139",,,
29 Nov 2017,2458087,16.75017112,0,,,0.007988456197,6,0.00198019229,52,0.1153846154,TRUE,,2458087,"0,98,136,137,139,50","136,140,121,88,41,86,36,51,50,98,123,124,65,137,82,120,143,66,83,122,67,68,69,70,71,85,0,1,11,12,13,14,2,23,24,25,26,27,37,38,39,40,52,53,54,55,84,87,141,138,142,139",,,
30 Nov 2017,2458088,16.81587953,0,,,0.009511391285,3,0.003405800441,52,0.05769230769,TRUE,,2458088,"0,50,139","136,140,121,88,41,86,36,51,50,98,123,124,65,137,82,120,143,66,83,122,67,68,69,70,71,85,0,1,11,12,13,14,2,23,24,25,26,27,37,38,39,40,52,53,54,55,84,87,141,138,142,139",,,
1 Dec 2017,2458089,16.88158795,0,,,0.01008512736,5,0.002734276787,52,0.09615384615,TRUE,,2458089,"0,136,50,139,98","136,140,121,88,41,86,36,51,50,98,123,124,65,137,82,120,143,66,83,122,67,68,69,70,71,85,0,1,11,12,13,14,2,23,24,25,26,27,37,38,39,40,52,53,54,55,84,87,141,138,142,139",,,
2 Dec 2017,2458090,16.94729637,0,,,0.01115813494,4,0.004146238599,52,0.07692307692,TRUE,,2458090,"0,50,139,2","136,140,121,88,41,86,36,51,50,98,123,124,65,137,82,120,143,66,83,122,67,68,69,70,71,85,0,1,11,12,13,14,2,23,24,25,26,27,37,38,39,40,52,53,54,55,84,87,141,138,142,139",,,
3 Dec 2017,2458091,17.01300479,0,Session broken up in librarian due to interrupted upload,,0.008301005541,4,0.002155882289,52,0.07692307692,TRUE,,2458091,"0,136,50,139","136,140,121,88,41,86,36,51,50,98,123,124,65,137,82,120,143,66,83,122,67,68,69,70,71,85,0,1,11,12,13,14,2,23,24,25,26,27,37,38,39,40,52,53,54,55,84,87,141,138,142,139",,,
4 Dec 2017,2458092,17.07871321,0,,,0.008694299602,4,0.002269493393,52,0.07692307692,TRUE,,2458092,"0,136,50,139","136,140,121,88,41,86,36,51,50,98,123,124,65,137,82,120,143,66,83,122,67,68,69,70,71,85,0,1,11,12,13,14,2,23,24,25,26,27,37,38,39,40,52,53,54,55,84,87,141,138,142,139",,,
5 Dec 2017,2458093,17.14442163,1,lightning,,0.008726709635,2,0.002415698983,52,0.03846153846,FALSE,,,,"136,140,121,88,41,86,36,51,50,98,123,124,65,137,82,120,143,66,83,122,67,68,69,70,71,85,0,1,11,12,13,14,2,23,24,25,26,27,37,38,39,40,52,53,54,55,84,87,141,138,142,139",,,
6 Dec 2017,2458094,17.21013005,0,Session broken up in librarian due to interrupted upload,,0.007807789891,3,0.002126095471,52,0.05769230769,TRUE,,2458094,"0,50,98","136,140,121,88,41,86,36,51,50,98,123,124,65,137,82,120,143,66,83,122,67,68,69,70,71,85,0,1,11,12,13,14,2,23,24,25,26,27,37,38,39,40,52,53,54,55,84,87,141,138,142,139",,,
7 Dec 2017,2458095,17.27583847,0,,,0.007636880239,3,0.002433980521,52,0.05769230769,TRUE,,2458095,"50,2,98","136,140,121,88,41,86,36,51,50,98,123,124,65,137,82,120,143,66,83,122,67,68,69,70,71,85,0,1,11,12,13,14,2,23,24,25,26,27,37,38,39,40,52,53,54,55,84,87,141,138,142,139",,,
8 Dec 2017,2458096,17.34154689,0,,,0.007575424538,1,0.002519879341,52,0.01923076923,TRUE,,2458096,50,"136,140,121,88,41,86,36,51,50,98,123,124,65,137,82,120,143,66,83,122,67,68,69,70,71,85,0,1,11,12,13,14,2,23,24,25,26,27,37,38,39,40,52,53,54,55,84,87,141,138,142,139",,,
9 Dec 2017,2458097,17.4072553,0,8 observations missing from middle of day,,0.007981452844,2,0.002027677322,52,0.03846153846,TRUE,,2458097,"136,50","136,140,121,88,41,86,36,51,50,98,123,124,65,137,82,120,143,66,83,122,67,68,69,70,71,85,0,1,11,12,13,14,2,23,24,25,26,27,37,38,39,40,52,53,54,55,84,87,141,138,142,139",,,
10 Dec 2017,2458098,17.47296372,0,"RTP V2, 5 new antennas",,0.008134469561,4,0.001924515415,52,0.07692307692,TRUE,,2458098,"136,0,50,2","136,140,121,88,41,86,36,51,50,98,123,124,65,137,82,120,143,66,83,122,67,68,69,70,71,85,0,1,11,12,13,14,2,23,24,25,26,27,37,38,39,40,52,53,54,55,84,87,141,138,142,139",,,
11 Dec 2017,2458099,17.53867214,0,,,0.007806892728,2,0.001996017121,52,0.03846153846,TRUE,,2458099,"0,50","136,140,121,88,41,86,36,51,50,98,123,124,65,137,82,120,143,66,83,122,67,68,69,70,71,85,0,1,11,12,13,14,2,23,24,25,26,27,37,38,39,40,52,53,54,55,84,87,141,138,142,139",,,
12 Dec 2017,2458100,17.60438056,1,1 xbox broken late in the day; restarted,,0.01388706524,3,0.02472303548,52,0.05769230769,FALSE,,,,"136,140,121,88,41,86,36,51,50,98,123,124,65,137,82,120,143,66,83,122,67,68,69,70,71,85,0,1,11,12,13,14,2,23,24,25,26,27,37,38,39,40,52,53,54,55,84,87,141,138,142,139",,,
13 Dec 2017,2458101,17.67008898,0,,,0.00798666187,2,0.002036781893,52,0.03846153846,TRUE,,2458101,"0,50","136,140,121,88,41,86,36,51,50,98,123,124,65,137,82,120,143,66,83,122,67,68,69,70,71,85,0,1,11,12,13,14,2,23,24,25,26,27,37,38,39,40,52,53,54,55,84,87,141,138,142,139",,,
14 Dec 2017,2458102,17.7357974,0,"Link to site broken, fixed same day",,0.008459354904,3,0.002254047349,52,0.05769230769,TRUE,,2458102,"0,50,98","136,140,121,88,41,86,36,51,50,98,123,124,65,137,82,120,143,66,83,122,67,68,69,70,71,85,0,1,11,12,13,14,2,23,24,25,26,27,37,38,39,40,52,53,54,55,84,87,141,138,142,139",,,
15 Dec 2017,2458103,17.80150582,0,no email from site,holiday break,0.007950887474,4,0.001921782076,52,0.07692307692,TRUE,,2458103,"0,136,50,98","136,140,121,88,41,86,36,51,50,98,123,124,65,137,82,120,143,66,83,122,67,68,69,70,71,85,0,1,11,12,13,14,2,23,24,25,26,27,37,38,39,40,52,53,54,55,84,87,141,138,142,139",,,
16 Dec 2017,2458104,17.86721424,0,no email from site,holiday break,0.007247847705,2,0.002033072386,52,0.03846153846,TRUE,,2458104,"50,2","136,140,121,88,41,86,36,51,50,98,123,124,65,137,82,120,143,66,83,122,67,68,69,70,71,85,0,1,11,12,13,14,2,23,24,25,26,27,37,38,39,40,52,53,54,55,84,87,141,138,142,139",,,
17 Dec 2017,2458105,17.93292266,0,,holiday break,0.00763071224,4,0.002133556071,52,0.07692307692,TRUE,,2458105,"0,136,50,98","136,140,121,88,41,86,36,51,50,98,123,124,65,137,82,120,143,66,83,122,67,68,69,70,71,85,0,1,11,12,13,14,2,23,24,25,26,27,37,38,39,40,52,53,54,55,84,87,141,138,142,139",,,
18 Dec 2017,2458106,17.99863107,0,,holiday break,0.008036230155,3,0.001938870811,52,0.05769230769,TRUE,,2458106,"0,136,50","136,140,121,88,41,86,36,51,50,98,123,124,65,137,82,120,143,66,83,122,67,68,69,70,71,85,0,1,11,12,13,14,2,23,24,25,26,27,37,38,39,40,52,53,54,55,84,87,141,138,142,139",,,
19 Dec 2017,2458107,18.06433949,0,,holiday break,0.007789734475,4,0.001839783061,52,0.07692307692,TRUE,,2458107,"0,136,50,98","136,140,121,88,41,86,36,51,50,98,123,124,65,137,82,120,143,66,83,122,67,68,69,70,71,85,0,1,11,12,13,14,2,23,24,25,26,27,37,38,39,40,52,53,54,55,84,87,141,138,142,139",,,
20 Dec 2017,2458108,18.13004791,0,,holiday break,0.00769811165,3,0.00181988245,52,0.05769230769,TRUE,,2458108,"0,136,50","136,140,121,88,41,86,36,51,50,98,123,124,65,137,82,120,143,66,83,122,67,68,69,70,71,85,0,1,11,12,13,14,2,23,24,25,26,27,37,38,39,40,52,53,54,55,84,87,141,138,142,139",,,
21 Dec 2017,2458109,18.19575633,0,,holiday break,0.007829433962,3,0.002151984473,52,0.05769230769,TRUE,,2458109,"137,50,2","136,140,121,88,41,86,36,51,50,98,123,124,65,137,82,120,143,66,83,122,67,68,69,70,71,85,0,1,11,12,13,14,2,23,24,25,26,27,37,38,39,40,52,53,54,55,84,87,141,138,142,139",,,
22 Dec 2017,2458110,18.26146475,0,,holiday break,0.01287194157,3,0.004745219822,52,0.05769230769,TRUE,,2458110,"0,136,50","136,140,121,88,41,86,36,51,50,98,123,124,65,137,82,120,143,66,83,122,67,68,69,70,71,85,0,1,11,12,13,14,2,23,24,25,26,27,37,38,39,40,52,53,54,55,84,87,141,138,142,139",,,
23 Dec 2017,2458111,18.32717317,0,,holiday break,0.009562753897,3,0.002554030911,52,0.05769230769,TRUE,,2458111,"0,136,50","136,140,121,88,41,86,36,51,50,98,123,124,65,137,82,120,143,66,83,122,67,68,69,70,71,85,0,1,11,12,13,14,2,23,24,25,26,27,37,38,39,40,52,53,54,55,84,87,141,138,142,139",,,
24 Dec 2017,2458112,18.39288159,0,,holiday break,0.009429300823,2,0.002592144152,52,0.03846153846,TRUE,,2458112,"0,50","136,140,121,88,41,86,36,51,50,98,123,124,65,137,82,120,143,66,83,122,67,68,69,70,71,85,0,1,11,12,13,14,2,23,24,25,26,27,37,38,39,40,52,53,54,55,84,87,141,138,142,139",,,
25 Dec 2017,2458113,18.45859001,0,,holiday break,0.007820798763,4,0.001745231724,52,0.07692307692,TRUE,,2458113,"0,136,50,98","136,140,121,88,41,86,36,51,50,98,123,124,65,137,82,120,143,66,83,122,67,68,69,70,71,85,0,1,11,12,13,14,2,23,24,25,26,27,37,38,39,40,52,53,54,55,84,87,141,138,142,139",,,
26 Dec 2017,2458114,18.52429843,0,,holiday break,0.02458101077,4,0.0421940067,52,0.07692307692,TRUE,,2458114,"0,136,50,11","136,140,121,88,41,86,36,51,50,98,123,124,65,137,82,120,143,66,83,122,67,68,69,70,71,85,0,1,11,12,13,14,2,23,24,25,26,27,37,38,39,40,52,53,54,55,84,87,141,138,142,139",,,
27 Dec 2017,2458115,18.59000684,0,,holiday break,0.01332007475,3,0.02500441401,52,0.05769230769,TRUE,,2458115,"0,136,50","136,140,121,88,41,86,36,51,50,98,123,124,65,137,82,120,143,66,83,122,67,68,69,70,71,85,0,1,11,12,13,14,2,23,24,25,26,27,37,38,39,40,52,53,54,55,84,87,141,138,142,139",,,
28 Dec 2017,2458116,18.65571526,0,,holiday break,0.008332742701,3,0.002180182977,52,0.05769230769,TRUE,,2458116,"0,50,98","136,140,121,88,41,86,36,51,50,98,123,124,65,137,82,120,143,66,83,122,67,68,69,70,71,85,0,1,11,12,13,14,2,23,24,25,26,27,37,38,39,40,52,53,54,55,84,87,141,138,142,139",,,
29 Dec 2017,2458117,18.72142368,1,bad xbox,holiday break,0.02588941445,4,0.04376136189,52,0.07692307692,FALSE,,,,"136,140,121,88,41,86,36,51,50,98,123,124,65,137,82,120,143,66,83,122,67,68,69,70,71,85,0,1,11,12,13,14,2,23,24,25,26,27,37,38,39,40,52,53,54,55,84,87,141,138,142,139",,,
30 Dec 2017,2458118,18.7871321,1,,holiday break,0.1279343976,3,0.0212695807,52,0.05769230769,FALSE,,,,"136,140,121,88,41,86,36,51,50,98,123,124,65,137,82,120,143,66,83,122,67,68,69,70,71,85,0,1,11,12,13,14,2,23,24,25,26,27,37,38,39,40,52,53,54,55,84,87,141,138,142,139",,,
31 Dec 2017,2458119,18.85284052,1,,holiday break,0.1336143399,3,0.002256234693,52,0.05769230769,FALSE,,,,"136,140,121,88,41,86,36,51,50,98,123,124,65,137,82,120,143,66,83,122,67,68,69,70,71,85,0,1,11,12,13,14,2,23,24,25,26,27,37,38,39,40,52,53,54,55,84,87,141,138,142,139",,,
1 Jan 2018,2458120,18.91854894,1,,holiday break,0.1322461655,3,0.001477084338,52,0.05769230769,FALSE,,,,"136,140,121,88,41,86,36,51,50,98,123,124,65,137,82,120,143,66,83,122,67,68,69,70,71,85,0,1,11,12,13,14,2,23,24,25,26,27,37,38,39,40,52,53,54,55,84,87,141,138,142,139",,,
2 Jan 2018,2458121,18.98425736,1,,holiday break,0.007680280525,3,0.001845211683,52,0.05769230769,FALSE,,,,"136,140,121,88,41,86,36,51,50,98,123,124,65,137,82,120,143,66,83,122,67,68,69,70,71,85,0,1,11,12,13,14,2,23,24,25,26,27,37,38,39,40,52,53,54,55,84,87,141,138,142,139",,,
3 Jan 2018,2458122,19.04996578,1,,holiday break,0.03958823783,4,0.05451034327,52,0.07692307692,FALSE,,,,"136,140,121,88,41,86,36,51,50,98,123,124,65,137,82,120,143,66,83,122,67,68,69,70,71,85,0,1,11,12,13,14,2,23,24,25,26,27,37,38,39,40,52,53,54,55,84,87,141,138,142,139",,,
4 Jan 2018,2458123,19.1156742,1,,holiday break,0.1316307113,1,0.001856629862,52,0.01923076923,FALSE,,,,"136,140,121,88,41,86,36,51,50,98,123,124,65,137,82,120,143,66,83,122,67,68,69,70,71,85,0,1,11,12,13,14,2,23,24,25,26,27,37,38,39,40,52,53,54,55,84,87,141,138,142,139",,,
5 Jan 2018,2458124,19.18138261,1,,holiday break,0.1323838801,2,0.002085360804,52,0.03846153846,FALSE,,,,"136,140,121,88,41,86,36,51,50,98,123,124,65,137,82,120,143,66,83,122,67,68,69,70,71,85,0,1,11,12,13,14,2,23,24,25,26,27,37,38,39,40,52,53,54,55,84,87,141,138,142,139",,,
6 Jan 2018,2458125,19.24709103,1,,holiday break,0.1359115271,3,0.003686749591,52,0.05769230769,FALSE,,,,"136,140,121,88,41,86,36,51,50,98,123,124,65,137,82,120,143,66,83,122,67,68,69,70,71,85,0,1,11,12,13,14,2,23,24,25,26,27,37,38,39,40,52,53,54,55,84,87,141,138,142,139",,,
7 Jan 2018,2458126,19.31279945,1,,holiday break,0.1345889959,3,0.00328378884,52,0.05769230769,FALSE,,,,"136,140,121,88,41,86,36,51,50,98,123,124,65,137,82,120,143,66,83,122,67,68,69,70,71,85,0,1,11,12,13,14,2,23,24,25,26,27,37,38,39,40,52,53,54,55,84,87,141,138,142,139",,,
8 Jan 2018,2458127,19.37850787,1,,holiday break,0.1327730248,4,0.002091404319,52,0.07692307692,FALSE,,,,"136,140,121,88,41,86,36,51,50,98,123,124,65,137,82,120,143,66,83,122,67,68,69,70,71,85,0,1,11,12,13,14,2,23,24,25,26,27,37,38,39,40,52,53,54,55,84,87,141,138,142,139",,,
9 Jan 2018,2458128,19.44421629,1,,,0.1320288277,2,0.001791548758,52,0.03846153846,FALSE,,,,"136,140,121,88,41,86,36,51,50,98,123,124,65,137,82,120,143,66,83,122,67,68,69,70,71,85,0,1,11,12,13,14,2,23,24,25,26,27,37,38,39,40,52,53,54,55,84,87,141,138,142,139",,,
10 Jan 2018,2458129,19.50992471,1,,,0.1320147384,7,0.001754239657,61,0.1147540984,FALSE,,,,"136,140,121,88,41,86,99,103,117,36,51,50,98,123,124,65,137,100,82,120,143,66,83,122,67,68,69,70,71,85,0,1,11,12,13,14,2,23,24,25,26,27,37,38,39,40,52,53,54,55,104,118,84,87,141,138,101,119,142,139,102",,,
11 Jan 2018,2458130,19.57563313,1,"bad xbox, internet down",,0.131418992,7,0.001881945447,61,0.1147540984,FALSE,,,,"136,140,121,88,41,86,99,103,117,36,51,50,98,123,124,65,137,100,82,120,143,66,83,122,67,68,69,70,71,85,0,1,11,12,13,14,2,23,24,25,26,27,37,38,39,40,52,53,54,55,104,118,84,87,141,138,101,119,142,139,102",,,
12 Jan 2018,2458131,19.64134155,1,internet down,,N/A,0,N/A,0,#DIV/0!,FALSE,,,,"136,140,121,88,41,86,99,103,117,36,51,50,98,123,124,65,137,100,82,120,143,66,83,122,67,68,69,70,71,85,0,1,11,12,13,14,2,23,24,25,26,27,37,38,39,40,52,53,54,55,104,118,84,87,141,138,101,119,142,139,102",,,
13 Jan 2018,2458132,19.70704997,1,jack on site,,0.009725881177,6,0.002854346374,61,0.09836065574,FALSE,,,,"136,140,121,88,41,86,99,103,117,36,51,50,98,123,124,65,137,100,82,120,143,66,83,122,67,68,69,70,71,85,0,1,11,12,13,14,2,23,24,25,26,27,37,38,39,40,52,53,54,55,104,118,84,87,141,138,101,119,142,139,102",,,
14 Jan 2018,2458133,19.77275838,1,jack on site,,0.01317804767,6,0.02195488293,61,0.09836065574,FALSE,,,,"136,140,121,88,41,86,99,103,117,36,51,50,98,123,124,65,137,100,82,120,143,66,83,122,67,68,69,70,71,85,0,1,11,12,13,14,2,23,24,25,26,27,37,38,39,40,52,53,54,55,104,118,84,87,141,138,101,119,142,139,102",,,
15 Jan 2018,2458134,19.8384668,0,restart observing with xbox fixed?,,0.007867912575,8,0.002203383498,61,0.131147541,TRUE,,2458134,"0,98,68,102,104,50,83,117","136,140,121,88,41,86,99,103,117,36,51,50,98,123,124,65,137,100,82,120,143,66,83,122,67,68,69,70,71,85,0,1,11,12,13,14,2,23,24,25,26,27,37,38,39,40,52,53,54,55,104,118,84,87,141,138,101,119,142,139,102",,,
16 Jan 2018,2458135,19.90417522,0,,,0.006825281236,6,0.002534913967,61,0.09836065574,TRUE,,2458135,"0,98,68,104,50,117","136,140,121,88,41,86,99,103,117,36,51,50,98,123,124,65,137,100,82,120,143,66,83,122,67,68,69,70,71,85,0,1,11,12,13,14,2,23,24,25,26,27,37,38,39,40,52,53,54,55,104,118,84,87,141,138,101,119,142,139,102",,,
17 Jan 2018,2458136,19.96988364,0,,,0.009227876249,8,0.003774316116,61,0.131147541,TRUE,,2458136,"0,2,68,104,137,136,50,117","136,140,121,88,41,86,99,103,117,36,51,50,98,123,124,65,137,100,82,120,143,66,83,122,67,68,69,70,71,85,0,1,11,12,13,14,2,23,24,25,26,27,37,38,39,40,52,53,54,55,104,118,84,87,141,138,101,119,142,139,102",,,
18 Jan 2018,2458137,20.03559206,1,notebook is scary,,0.007864547439,7,0.002249667989,61,0.1147540984,FALSE,,,,"136,140,121,88,41,86,99,103,117,36,51,50,98,123,124,65,137,100,82,120,143,66,83,122,67,68,69,70,71,85,0,1,11,12,13,14,2,23,24,25,26,27,37,38,39,40,52,53,54,55,104,118,84,87,141,138,101,119,142,139,102",,,
19 Jan 2018,2458138,20.10130048,1,"still pretty scary, flags and chisq",,0.008011491715,5,0.002395130585,61,0.08196721311,FALSE,,,,"136,140,121,88,41,86,99,103,117,36,51,50,98,123,124,65,137,100,82,120,143,66,83,122,67,68,69,70,71,85,0,1,11,12,13,14,2,23,24,25,26,27,37,38,39,40,52,53,54,55,104,118,84,87,141,138,101,119,142,139,102",,,
20 Jan 2018,2458139,20.1670089,0,"meh, better but...",,0.00674272323,6,0.002284864699,61,0.09836065574,TRUE,,2458139,"0,2,68,104,50,117","136,140,121,88,41,86,99,103,117,36,51,50,98,123,124,65,137,100,82,120,143,66,83,122,67,68,69,70,71,85,0,1,11,12,13,14,2,23,24,25,26,27,37,38,39,40,52,53,54,55,104,118,84,87,141,138,101,119,142,139,102",,,
21 Jan 2018,2458140,20.23271732,0,,,0.009229670988,4,0.002821827744,61,0.06557377049,TRUE,,2458140,"104,50,68,117","136,140,121,88,41,86,99,103,117,36,51,50,98,123,124,65,137,100,82,120,143,66,83,122,67,68,69,70,71,85,0,1,11,12,13,14,2,23,24,25,26,27,37,38,39,40,52,53,54,55,104,118,84,87,141,138,101,119,142,139,102",,,
22 Jan 2018,2458141,20.29842574,0,,,0.007874081991,7,0.002100486729,61,0.1147540984,TRUE,,2458141,"2,68,104,14,143,50,117","136,140,121,88,41,86,99,103,117,36,51,50,98,123,124,65,137,100,82,120,143,66,83,122,67,68,69,70,71,85,0,1,11,12,13,14,2,23,24,25,26,27,37,38,39,40,52,53,54,55,104,118,84,87,141,138,101,119,142,139,102",,,
23 Jan 2018,2458142,20.36413415,0,,,0.008333333333,10,0.00264449485,61,0.1639344262,TRUE,,2458142,"0,65,98,68,104,11,50,117,23,36","136,140,121,88,41,86,99,103,117,36,51,50,98,123,124,65,137,100,82,120,143,66,83,122,67,68,69,70,71,85,0,1,11,12,13,14,2,23,24,25,26,27,37,38,39,40,52,53,54,55,104,118,84,87,141,138,101,119,142,139,102",,,
24 Jan 2018,2458143,20.42984257,0,,,0.008476553526,9,0.00260144134,61,0.1475409836,TRUE,,2458143,"0,65,98,68,104,11,50,23,36","136,140,121,88,41,86,99,103,117,36,51,50,98,123,124,65,137,100,82,120,143,66,83,122,67,68,69,70,71,85,0,1,11,12,13,14,2,23,24,25,26,27,37,38,39,40,52,53,54,55,104,118,84,87,141,138,101,119,142,139,102",,,
25 Jan 2018,2458144,20.49555099,0,,,0.008160342903,5,0.002456691729,61,0.08196721311,TRUE,,2458144,"104,65,50,68,98","136,140,121,88,41,86,99,103,117,36,51,50,98,123,124,65,137,100,82,120,143,66,83,122,67,68,69,70,71,85,0,1,11,12,13,14,2,23,24,25,26,27,37,38,39,40,52,53,54,55,104,118,84,87,141,138,101,119,142,139,102",,,
26 Jan 2018,2458145,20.56125941,0,,,0.008011043031,5,0.002240664874,61,0.08196721311,TRUE,,2458145,"104,0,50,68,143","136,140,121,88,41,86,99,103,117,36,51,50,98,123,124,65,137,100,82,120,143,66,83,122,67,68,69,70,71,85,0,1,11,12,13,14,2,23,24,25,26,27,37,38,39,40,52,53,54,55,104,118,84,87,141,138,101,119,142,139,102",,,
27 Jan 2018,2458146,20.62696783,0,,,0.00759915037,10,0.002462618063,61,0.1639344262,TRUE,,2458146,"0,65,98,68,104,11,2,50,23,36","136,140,121,88,41,86,99,103,117,36,51,50,98,123,124,65,137,100,82,120,143,66,83,122,67,68,69,70,71,85,0,1,11,12,13,14,2,23,24,25,26,27,37,38,39,40,52,53,54,55,104,118,84,87,141,138,101,119,142,139,102",,,
28 Jan 2018,2458147,20.69267625,0,,,0.00824581736,7,0.002722364972,61,0.1147540984,TRUE,,2458147,"0,65,98,68,104,143,50","136,140,121,88,41,86,99,103,117,36,51,50,98,123,124,65,137,100,82,120,143,66,83,122,67,68,69,70,71,85,0,1,11,12,13,14,2,23,24,25,26,27,37,38,39,40,52,53,54,55,104,118,84,87,141,138,101,119,142,139,102",,,
29 Jan 2018,2458148,20.75838467,0,,,0.008951486403,10,0.003328494278,61,0.1639344262,TRUE,,2458148,"0,65,98,68,104,11,143,50,23,36","136,140,121,88,41,86,99,103,117,36,51,50,98,123,124,65,137,100,82,120,143,66,83,122,67,68,69,70,71,85,0,1,11,12,13,14,2,23,24,25,26,27,37,38,39,40,52,53,54,55,104,118,84,87,141,138,101,119,142,139,102",,,
30 Jan 2018,2458149,20.82409309,0,,,0.007536895352,10,0.002367928362,61,0.1639344262,TRUE,,2458149,"0,65,98,68,104,11,143,50,23,36","136,140,121,88,41,86,99,103,117,36,51,50,98,123,124,65,137,100,82,120,143,66,83,122,67,68,69,70,71,85,0,1,11,12,13,14,2,23,24,25,26,27,37,38,39,40,52,53,54,55,104,118,84,87,141,138,101,119,142,139,102",,,
31 Jan 2018,2458150,20.88980151,0,,,0.01045173081,5,0.002451517808,61,0.08196721311,TRUE,,2458150,"104,65,50,68,0","136,140,121,88,41,86,99,103,117,36,51,50,98,123,124,65,137,100,82,120,143,66,83,122,67,68,69,70,71,85,0,1,11,12,13,14,2,23,24,25,26,27,37,38,39,40,52,53,54,55,104,118,84,87,141,138,101,119,142,139,102",,,
1 Feb 2018,2458151,20.95550992,0,,,0.008254637394,6,0.002901916363,61,0.09836065574,TRUE,,2458151,"0,68,103,104,143,50","136,140,121,88,41,86,99,103,117,36,51,50,98,123,124,65,137,100,82,120,143,66,83,122,67,68,69,70,71,85,0,1,11,12,13,14,2,23,24,25,26,27,37,38,39,40,52,53,54,55,104,118,84,87,141,138,101,119,142,139,102",,,
2 Feb 2018,2458152,21.02121834,1,antenna 68 xpoled halfway through the night?,,0.00789903653,11,0.002260633377,61,0.1803278689,FALSE,,,,"136,140,121,88,41,86,99,103,117,36,51,50,98,123,124,65,137,100,82,120,143,66,83,122,67,68,69,70,71,85,0,1,11,12,13,14,2,23,24,25,26,27,37,38,39,40,52,53,54,55,104,118,84,87,141,138,101,119,142,139,102",,,
3 Feb 2018,2458153,21.08692676,0,,,0.007864063217,8,0.002099157257,61,0.131147541,TRUE,,2458153,"0,65,98,68,103,104,143,50","136,140,121,88,41,86,99,103,117,36,51,50,98,123,124,65,137,100,82,120,143,66,83,122,67,68,69,70,71,85,0,1,11,12,13,14,2,23,24,25,26,27,37,38,39,40,52,53,54,55,104,118,84,87,141,138,101,119,142,139,102",,,
4 Feb 2018,2458154,21.15263518,0,,,0.007944882956,7,0.002171054381,61,0.1147540984,TRUE,,2458154,"65,98,68,103,104,143,50","136,140,121,88,41,86,99,103,117,36,51,50,98,123,124,65,137,100,82,120,143,66,83,122,67,68,69,70,71,85,0,1,11,12,13,14,2,23,24,25,26,27,37,38,39,40,52,53,54,55,104,118,84,87,141,138,101,119,142,139,102",,,
5 Feb 2018,2458155,21.2183436,0,,,0.007147854478,7,0.002459246009,61,0.1147540984,TRUE,,2458155,"0,65,98,68,104,143,50","136,140,121,88,41,86,99,103,117,36,51,50,98,123,124,65,137,100,82,120,143,66,83,122,67,68,69,70,71,85,0,1,11,12,13,14,2,23,24,25,26,27,37,38,39,40,52,53,54,55,104,118,84,87,141,138,101,119,142,139,102",,,
6 Feb 2018,2458156,21.28405202,1,rxr's 3 and 5 off,,0.007004897057,33,0.003897314393,61,0.5409836066,FALSE,,,,"136,140,121,88,41,86,99,103,117,36,51,50,98,123,124,65,137,100,82,120,143,66,83,122,67,68,69,70,71,85,0,1,11,12,13,14,2,23,24,25,26,27,37,38,39,40,52,53,54,55,104,118,84,87,141,138,101,119,142,139,102",,,
7 Feb 2018,2458157,21.34976044,0,back on ,,0.00726647711,8,0.002173469801,61,0.131147541,TRUE,,2458157,"0,65,98,68,103,104,143,50","136,140,121,88,41,86,99,103,117,36,51,50,98,123,124,65,137,100,82,120,143,66,83,122,67,68,69,70,71,85,0,1,11,12,13,14,2,23,24,25,26,27,37,38,39,40,52,53,54,55,104,118,84,87,141,138,101,119,142,139,102",,,
8 Feb 2018,2458158,21.41546886,0,,,0.006752539601,9,0.001888498472,61,0.1475409836,TRUE,,2458158,"0,65,98,68,104,11,143,50,36","136,140,121,88,41,86,99,103,117,36,51,50,98,123,124,65,137,100,82,120,143,66,83,122,67,68,69,70,71,85,0,1,11,12,13,14,2,23,24,25,26,27,37,38,39,40,52,53,54,55,104,118,84,87,141,138,101,119,142,139,102",,,
9 Feb 2018,2458159,21.48117728,0,,,0.007142514456,6,0.002277765355,61,0.09836065574,TRUE,,2458159,"0,68,103,104,143,50","136,140,121,88,41,86,99,103,117,36,51,50,98,123,124,65,137,100,82,120,143,66,83,122,67,68,69,70,71,85,0,1,11,12,13,14,2,23,24,25,26,27,37,38,39,40,52,53,54,55,104,118,84,87,141,138,101,119,142,139,102",,,
10 Feb 2018,2458160,21.54688569,1,"this notebook is fishy, metrics are missing",,0.008292033906,9,0.002215646917,64,0.140625,FALSE,,,,"334,338,81,116,136,140,121,88,41,86,99,103,117,36,51,50,98,123,124,65,137,100,82,120,143,66,83,122,67,68,69,70,71,85,0,1,11,12,13,14,2,23,24,25,26,27,37,38,39,40,52,53,54,55,104,118,84,87,141,138,101,119,142,139,102,155,156",,,
11 Feb 2018,2458161,21.61259411,0,,,0.007287676122,8,0.002935360508,64,0.125,TRUE,,2458161,"0,68,103,104,50,116,155,156","334,338,81,116,136,140,121,88,41,86,99,103,117,36,51,50,98,123,124,65,137,100,82,120,143,66,83,122,67,68,69,70,71,85,0,1,11,12,13,14,2,23,24,25,26,27,37,38,39,40,52,53,54,55,104,118,84,87,141,138,101,119,142,139,102,155,156",,,
12 Feb 2018,2458162,21.67830253,1,"something fishy going on in the correlator, troubles with the librarian mean data movement happening during the night ",,0.005841103686,8,0.0017489948,64,0.125,FALSE,,,,"334,338,81,116,136,140,121,88,41,86,99,103,117,36,51,50,98,123,124,65,137,100,82,120,143,66,83,122,67,68,69,70,71,85,0,1,11,12,13,14,2,23,24,25,26,27,37,38,39,40,52,53,54,55,104,118,84,87,141,138,101,119,142,139,102,155,156",,,
13 Feb 2018,2458163,21.74401095,1,h1c branch of hera_cal and pyuvdata updated; outriggers added to PULL_SUBARRAY step,,0.008375582259,7,0.00251983007,65,0.1076923077,FALSE,,,,"334,338,81,116,136,140,121,88,41,86,99,103,117,36,51,50,98,123,124,65,137,100,82,120,143,66,83,122,67,68,69,70,71,85,0,1,11,12,13,14,2,23,24,25,26,27,37,38,39,40,52,53,54,55,104,118,84,87,141,138,101,119,142,139,102,155,156",,,
14 Feb 2018,2458164,21.80971937,1,why xants==0???,,0.008121094647,12,0.003176846923,65,0.1846153846,FALSE,,,,"334,338,81,116,136,140,121,88,41,86,99,103,117,36,51,50,98,123,124,65,137,100,82,120,143,66,83,122,67,68,69,70,71,85,0,1,11,12,13,14,2,23,24,25,26,27,37,38,39,40,52,53,54,55,104,118,84,87,141,138,101,119,142,139,102,155,156",,,
15 Feb 2018,2458165,21.87542779,1,,,0.00886330572,13,0.004097342609,65,0.2,FALSE,,,,"334,338,81,116,136,140,121,88,41,86,99,103,117,36,51,50,98,123,124,65,137,100,82,120,143,66,83,122,67,68,69,70,71,85,0,1,11,12,13,14,2,23,24,25,26,27,37,38,39,40,52,53,54,55,104,118,84,87,141,138,101,119,142,139,102,155,156",,,
16 Feb 2018,2458166,21.94113621,1,"FIRE wow, lots of low autos and spectrally variable autos in start report",,0.00283777046,8,0.000872566127,65,0.1230769231,FALSE,,,,"334,338,81,116,136,140,121,88,41,86,99,103,117,36,51,50,98,123,124,65,137,100,82,120,143,66,83,122,67,68,69,70,71,85,0,1,11,12,13,14,2,23,24,25,26,27,37,38,39,40,52,53,54,55,104,118,84,87,141,138,101,119,142,139,102,155,156",,,
17 Feb 2018,2458167,22.00684463,1,"Report of wind on 166, discussion in #heracommissioning 19 Feb",,0.002502161171,9,0.001377664608,65,0.1384615385,FALSE,,,,"334,338,81,116,136,140,121,88,41,86,99,103,117,36,51,50,98,123,124,65,137,100,82,120,143,66,83,122,67,68,69,70,71,85,0,1,11,12,13,14,2,23,24,25,26,27,37,38,39,40,52,53,54,55,104,118,84,87,141,138,101,119,142,139,102,155,156",,,
18 Feb 2018,2458168,22.07255305,1,,,0.001895844991,7,0.0009889973755,65,0.1076923077,FALSE,,,,"334,338,81,116,136,140,121,88,41,86,99,103,117,36,51,50,98,123,124,65,137,100,82,120,143,66,83,122,67,68,69,70,71,85,0,1,11,12,13,14,2,23,24,25,26,27,37,38,39,40,52,53,54,55,104,118,84,87,141,138,101,119,142,139,102,155,156",,,
19 Feb 2018,2458169,22.13826146,1,,,0.002898525382,7,0.001296422326,65,0.1076923077,FALSE,,,,"334,338,81,116,136,140,121,88,41,86,99,103,117,36,51,50,98,123,124,65,137,100,82,120,143,66,83,122,67,68,69,70,71,85,0,1,11,12,13,14,2,23,24,25,26,27,37,38,39,40,52,53,54,55,104,118,84,87,141,138,101,119,142,139,102,155,156",,,
20 Feb 2018,2458170,22.20396988,1,,,0.002949789235,13,0.0009984480473,67,0.1940298507,FALSE,,,,"334,338,81,116,136,140,121,88,41,86,99,103,117,36,51,50,98,123,124,65,137,100,82,120,143,66,83,122,67,68,69,70,71,85,0,1,11,12,13,14,2,23,24,25,26,27,37,38,39,40,52,53,54,55,104,118,84,87,141,138,101,119,142,139,102,155,156",,,
21 Feb 2018,2458171,22.2696783,1,Ant 65 was broadcasting! Fixed by Kathryn and Ziyaad,,0.00721840206,17,0.002441330562,67,0.2537313433,FALSE,,,,"334,338,81,116,136,140,121,88,41,86,99,103,117,36,51,50,98,123,124,65,137,100,82,120,143,66,83,122,67,68,69,70,71,85,0,1,11,12,13,14,2,23,24,25,26,27,37,38,39,40,52,53,54,55,104,118,84,87,141,138,101,119,142,139,102,155,156",,,
22 Feb 2018,2458172,22.33538672,0,start report looks good,,0.005588219733,14,0.00174573026,67,0.2089552239,TRUE,,2458172,"65,98,123,68,104,41,338,334,143,50,120,121,155,156","334,338,81,116,136,140,121,88,41,86,99,103,117,36,51,50,98,123,124,65,137,100,82,120,143,66,83,122,67,68,69,70,71,85,0,1,11,12,13,14,2,23,24,25,26,27,37,38,39,40,52,53,54,55,104,118,84,87,141,138,101,119,142,139,102,155,156",,,
23 Feb 2018,2458173,22.40109514,0,,,0.006926887453,15,0.001973219414,67,0.223880597,TRUE,,2458173,"65,98,123,68,103,104,41,338,334,143,50,120,121,155,156","334,338,81,116,136,140,121,88,41,86,99,103,117,36,51,50,98,123,124,65,137,100,82,120,143,66,83,122,67,68,69,70,71,85,0,1,11,12,13,14,2,23,24,25,26,27,37,38,39,40,52,53,54,55,104,118,84,87,141,138,101,119,142,139,102,155,156",,,
24 Feb 2018,2458174,22.46680356,0,,,0.004973384412,17,0.002209463617,67,0.2537313433,FALSE,,,,"334,338,81,116,136,140,121,88,41,86,99,103,117,36,51,50,98,123,124,65,137,100,82,120,143,66,83,122,67,68,69,70,71,85,0,1,11,12,13,14,2,23,24,25,26,27,37,38,39,40,52,53,54,55,104,118,84,87,141,138,101,119,142,139,102,155,156",,,
25 Feb 2018,2458175,22.53251198,0,,,0.00628409898,18,0.002196891947,67,0.2686567164,FALSE,,,,"334,338,81,116,136,140,121,88,41,86,99,103,117,36,51,50,98,123,124,65,137,100,82,120,143,66,83,122,67,68,69,70,71,85,0,1,11,12,13,14,2,23,24,25,26,27,37,38,39,40,52,53,54,55,104,118,84,87,141,138,101,119,142,139,102,155,156",,,
26 Feb 2018,2458176,22.5982204,0,,,0.006346199029,18,0.002088728446,67,0.2686567164,FALSE,,,,"334,338,81,116,136,140,121,88,41,86,99,103,117,36,51,50,98,123,124,65,137,100,82,120,143,66,83,122,67,68,69,70,71,85,0,1,11,12,13,14,2,23,24,25,26,27,37,38,39,40,52,53,54,55,104,118,84,87,141,138,101,119,142,139,102,155,156",,,
27 Feb 2018,2458177,22.66392882,0,,,0.006343508774,17,0.002169302597,67,0.2537313433,FALSE,,,,"334,338,81,116,136,140,121,88,41,86,99,103,117,36,51,50,98,123,124,65,137,100,82,120,143,66,83,122,67,68,69,70,71,85,0,1,11,12,13,14,2,23,24,25,26,27,37,38,39,40,52,53,54,55,104,118,84,87,141,138,101,119,142,139,102,155,156",,,
28 Feb 2018,2458178,22.72963723,1,Digital bug,,0.002898413288,16,0.003356455494,67,0.2388059701,FALSE,,,,"334,338,81,116,136,140,121,88,41,86,99,103,117,36,51,50,98,123,124,65,137,100,82,120,143,66,83,122,67,68,69,70,71,85,0,1,11,12,13,14,2,23,24,25,26,27,37,38,39,40,52,53,54,55,104,118,84,87,141,138,101,119,142,139,102,155,156",,,
1 Mar 2018,2458179,22.79534565,1,"Digital bug, Fengine restart seems to have fixed it.  GPSdaemon tells us the antenna is shorted, no lock and GPS 10MHz clock is undisciplined. 1pps is offset from paper1 clock by 0.3s",,0.01452803557,26,0.01097134636,67,0.3880597015,FALSE,,,,"334,338,81,116,136,140,121,88,41,86,99,103,117,36,51,50,98,123,124,65,137,100,82,120,143,66,83,122,67,68,69,70,71,85,0,1,11,12,13,14,2,23,24,25,26,27,37,38,39,40,52,53,54,55,104,118,84,87,141,138,101,119,142,139,102,155,156",,,
2 Mar 2018,2458180,22.86105407,0,,,0.006639212616,17,0.001867455455,67,0.2537313433,FALSE,,,,"334,338,81,116,136,140,121,88,41,86,99,103,117,36,51,50,98,123,124,65,137,100,82,120,143,66,83,122,67,68,69,70,71,85,0,1,11,12,13,14,2,23,24,25,26,27,37,38,39,40,52,53,54,55,104,118,84,87,141,138,101,119,142,139,102,155,156",,,
3 Mar 2018,2458181,22.92676249,0,,,0.006263025317,17,0.002009711385,67,0.2537313433,FALSE,,,,"334,338,81,116,136,140,121,88,41,86,99,103,117,36,51,50,98,123,124,65,137,100,82,120,143,66,83,122,67,68,69,70,71,85,0,1,11,12,13,14,2,23,24,25,26,27,37,38,39,40,52,53,54,55,104,118,84,87,141,138,101,119,142,139,102,155,156",,,
4 Mar 2018,2458182,22.99247091,0,,,0.006201373644,17,0.002183098586,67,0.2537313433,FALSE,,,,"334,338,81,116,136,140,121,88,41,86,99,103,117,36,51,50,98,123,124,65,137,100,82,120,143,66,83,122,67,68,69,70,71,85,0,1,11,12,13,14,2,23,24,25,26,27,37,38,39,40,52,53,54,55,104,118,84,87,141,138,101,119,142,139,102,155,156",,,
5 Mar 2018,2458183,23.05817933,0,,,0.006394847803,17,0.002328210605,67,0.2537313433,FALSE,,,,"334,338,81,116,136,140,121,88,41,86,99,103,117,36,51,50,98,123,124,65,137,100,82,120,143,66,83,122,67,68,69,70,71,85,0,1,11,12,13,14,2,23,24,25,26,27,37,38,39,40,52,53,54,55,104,118,84,87,141,138,101,119,142,139,102,155,156",,,
6 Mar 2018,2458184,23.12388775,1,"GPS unplugged for 4 seconds, stopped observing, restarted Fengines",,0.006258314934,17,0.002503626371,67,0.2537313433,FALSE,,,,"334,338,81,116,136,140,121,88,41,86,99,103,117,36,51,50,98,123,124,65,137,100,82,120,143,66,83,122,67,68,69,70,71,85,0,1,11,12,13,14,2,23,24,25,26,27,37,38,39,40,52,53,54,55,104,118,84,87,141,138,101,119,142,139,102,155,156",,,
7 Mar 2018,2458185,23.18959617,0,,,0.00656263906,16,0.00284124268,67,0.2388059701,TRUE,,2458185,"0,65,98,123,68,103,104,41,338,334,143,50,120,121,155,156","334,338,81,116,136,140,121,88,41,86,99,103,117,36,51,50,98,123,124,65,137,100,82,120,143,66,83,122,67,68,69,70,71,85,0,1,11,12,13,14,2,23,24,25,26,27,37,38,39,40,52,53,54,55,104,118,84,87,141,138,101,119,142,139,102,155,156",,,
8 Mar 2018,2458186,23.25530459,0,,,0.004309451941,17,0.002157090218,67,0.2537313433,FALSE,,,,"334,338,81,116,136,140,121,88,41,86,99,103,117,36,51,50,98,123,124,65,137,100,82,120,143,66,83,122,67,68,69,70,71,85,0,1,11,12,13,14,2,23,24,25,26,27,37,38,39,40,52,53,54,55,104,118,84,87,141,138,101,119,142,139,102,155,156",,,
9 Mar 2018,2458187,23.321013,0,,,0.005653906788,16,0.00243572957,67,0.2388059701,TRUE,,2458187,"0,65,98,155,68,104,41,338,334,143,50,116,120,121,123,156","334,338,81,116,136,140,121,88,41,86,99,103,117,36,51,50,98,123,124,65,137,100,82,120,143,66,83,122,67,68,69,70,71,85,0,1,11,12,13,14,2,23,24,25,26,27,37,38,39,40,52,53,54,55,104,118,84,87,141,138,101,119,142,139,102,155,156",,,
10 Mar 2018,2458188,23.38672142,0,,,0.006057108729,15,0.002612270245,67,0.223880597,TRUE,,2458188,"0,65,98,155,68,104,41,338,334,143,50,120,121,123,156","334,338,81,116,136,140,121,88,41,86,99,103,117,36,51,50,98,123,124,65,137,100,82,120,143,66,83,122,67,68,69,70,71,85,0,1,11,12,13,14,2,23,24,25,26,27,37,38,39,40,52,53,54,55,104,118,84,87,141,138,101,119,142,139,102,155,156",,,
11 Mar 2018,2458189,23.45242984,0,,,0.00525249835,16,0.002358997315,67,0.2388059701,TRUE,,2458189,"0,65,98,123,68,104,41,338,334,143,81,50,120,121,155,156","334,338,81,116,136,140,121,88,41,86,99,103,117,36,51,50,98,123,124,65,137,100,82,120,143,66,83,122,67,68,69,70,71,85,0,1,11,12,13,14,2,23,24,25,26,27,37,38,39,40,52,53,54,55,104,118,84,87,141,138,101,119,142,139,102,155,156",,,
12 Mar 2018,2458190,23.51813826,0,,,0.005093100752,15,0.002416440017,67,0.223880597,TRUE,,2458190,"0,65,98,123,68,104,41,338,334,143,50,120,121,155,156","334,338,81,116,136,140,121,88,41,86,99,103,117,36,51,50,98,123,124,65,137,100,82,120,143,66,83,122,67,68,69,70,71,85,0,1,11,12,13,14,2,23,24,25,26,27,37,38,39,40,52,53,54,55,104,118,84,87,141,138,101,119,142,139,102,155,156",,,
13 Mar 2018,2458191,23.58384668,0,,,0.00574616011,17,0.002011299958,67,0.2537313433,FALSE,,,,"334,338,81,116,136,140,121,88,41,86,99,103,117,36,51,50,98,123,124,65,137,100,82,120,143,66,83,122,67,68,69,70,71,85,0,1,11,12,13,14,2,23,24,25,26,27,37,38,39,40,52,53,54,55,104,118,84,87,141,138,101,119,142,139,102,155,156",,,
14 Mar 2018,2458192,23.6495551,0,,,0.04553110562,14,0.0576960985,67,0.2089552239,TRUE,,2458192,"0,65,98,123,68,104,41,338,334,143,50,120,155,156","334,338,81,116,136,140,121,88,41,86,99,103,117,36,51,50,98,123,124,65,137,100,82,120,143,66,83,122,67,68,69,70,71,85,0,1,11,12,13,14,2,23,24,25,26,27,37,38,39,40,52,53,54,55,104,118,84,87,141,138,101,119,142,139,102,155,156",,,
15 Mar 2018,2458193,23.71526352,0,,,0.129954922,14,0.002005888583,67,0.2089552239,FALSE,,,,"334,338,81,116,136,140,121,88,41,86,99,103,117,36,51,50,98,123,124,65,137,100,82,120,143,66,83,122,67,68,69,70,71,85,0,1,11,12,13,14,2,23,24,25,26,27,37,38,39,40,52,53,54,55,104,118,84,87,141,138,101,119,142,139,102,155,156",,,
16 Mar 2018,2458194,23.78097194,1,px4 is broken. Hickish reset on the 17th,,0.1287959046,11,0.01014857619,67,0.1641791045,FALSE,,,,"334,338,81,116,136,140,121,88,41,86,99,103,117,36,51,50,98,123,124,65,137,100,82,120,143,66,83,122,67,68,69,70,71,85,0,1,11,12,13,14,2,23,24,25,26,27,37,38,39,40,52,53,54,55,104,118,84,87,141,138,101,119,142,139,102,155,156",,,
17 Mar 2018,2458195,23.84668036,0,,,0.00768538546,13,0.002443555192,67,0.1940298507,TRUE,,2458195,"0,98,123,104,41,338,334,143,81,50,120,155,156","334,338,81,116,136,140,121,88,41,86,99,103,117,36,51,50,98,123,124,65,137,100,82,120,143,66,83,122,67,68,69,70,71,85,0,1,11,12,13,14,2,23,24,25,26,27,37,38,39,40,52,53,54,55,104,118,84,87,141,138,101,119,142,139,102,155,156",,,
18 Mar 2018,2458196,23.91238877,0,,,0.005837068304,14,0.002738159511,67,0.2089552239,TRUE,,2458196,"0,98,123,104,41,338,334,143,81,50,120,121,155,156","334,338,81,116,136,140,121,88,41,86,99,103,117,36,51,50,98,123,124,65,137,100,82,120,143,66,83,122,67,68,69,70,71,85,0,1,11,12,13,14,2,23,24,25,26,27,37,38,39,40,52,53,54,55,104,118,84,87,141,138,101,119,142,139,102,155,156",,,
19 Mar 2018,2458197,23.97809719,0,,,0.005402367962,13,0.002189317386,67,0.1940298507,TRUE,,2458197,"65,98,123,104,41,338,334,143,81,50,120,155,156","334,338,81,116,136,140,121,88,41,86,99,103,117,36,51,50,98,123,124,65,137,100,82,120,143,66,83,122,67,68,69,70,71,85,0,1,11,12,13,14,2,23,24,25,26,27,37,38,39,40,52,53,54,55,104,118,84,87,141,138,101,119,142,139,102,155,156",,,
20 Mar 2018,2458198,24.04380561,0,,,0.006588321963,15,0.002778739868,67,0.223880597,TRUE,,2458198,"0,65,98,123,104,41,338,334,143,50,116,120,121,155,156","334,338,81,116,136,140,121,88,41,86,99,103,117,36,51,50,98,123,124,65,137,100,82,120,143,66,83,122,67,68,69,70,71,85,0,1,11,12,13,14,2,23,24,25,26,27,37,38,39,40,52,53,54,55,104,118,84,87,141,138,101,119,142,139,102,155,156",,,
21 Mar 2018,2458199,24.10951403,0,,,0.004449233098,13,0.002110544236,67,0.1940298507,TRUE,,2458199,"0,98,155,104,41,338,334,143,50,120,121,123,156","334,338,81,116,136,140,121,88,41,86,99,103,117,36,51,50,98,123,124,65,137,100,82,120,143,66,83,122,67,68,69,70,71,85,0,1,11,12,13,14,2,23,24,25,26,27,37,38,39,40,52,53,54,55,104,118,84,87,141,138,101,119,142,139,102,155,156",,,
22 Mar 2018,2458200,24.17522245,0,,,0.006428027613,11,0.002331842371,67,0.1641791045,TRUE,,2458200,"0,155,103,104,41,338,334,143,50,123,156","334,338,81,116,136,140,121,88,41,86,99,103,117,36,51,50,98,123,124,65,137,100,82,120,143,66,83,122,67,68,69,70,71,85,0,1,11,12,13,14,2,23,24,25,26,27,37,38,39,40,52,53,54,55,104,118,84,87,141,138,101,119,142,139,102,155,156",,,
23 Mar 2018,2458201,24.24093087,0,,,0.005880009761,12,0.002485865871,67,0.1791044776,TRUE,,2458201,"0,98,104,41,338,334,143,50,116,120,155,156","334,338,81,116,136,140,121,88,41,86,99,103,117,36,51,50,98,123,124,65,137,100,82,120,143,66,83,122,67,68,69,70,71,85,0,1,11,12,13,14,2,23,24,25,26,27,37,38,39,40,52,53,54,55,104,118,84,87,141,138,101,119,142,139,102,155,156",,,
24 Mar 2018,2458202,24.30663929,0,,,0.005596738873,14,0.002476858569,67,0.2089552239,TRUE,,2458202,"0,98,104,41,338,334,143,81,50,116,120,121,155,156","334,338,81,116,136,140,121,88,41,86,99,103,117,36,51,50,98,123,124,65,137,100,82,120,143,66,83,122,67,68,69,70,71,85,0,1,11,12,13,14,2,23,24,25,26,27,37,38,39,40,52,53,54,55,104,118,84,87,141,138,101,119,142,139,102,155,156",,,
25 Mar 2018,2458203,24.37234771,0,,,0.006007002733,12,0.002306425608,67,0.1791044776,TRUE,,2458203,"0,104,41,338,334,143,81,50,116,120,155,156","334,338,81,116,136,140,121,88,41,86,99,103,117,36,51,50,98,123,124,65,137,100,82,120,143,66,83,122,67,68,69,70,71,85,0,1,11,12,13,14,2,23,24,25,26,27,37,38,39,40,52,53,54,55,104,118,84,87,141,138,101,119,142,139,102,155,156",,,
26 Mar 2018,2458204,24.43805613,0,,,0.005967209381,13,0.002468050256,67,0.1940298507,TRUE,,2458204,"0,98,104,41,338,334,143,81,50,116,120,155,156","334,338,81,116,136,140,121,88,41,86,99,103,117,36,51,50,98,123,124,65,137,100,82,120,143,66,83,122,67,68,69,70,71,85,0,1,11,12,13,14,2,23,24,25,26,27,37,38,39,40,52,53,54,55,104,118,84,87,141,138,101,119,142,139,102,155,156",,,
27 Mar 2018,2458205,24.50376454,0,,,0.005385329682,14,0.002070081696,67,0.2089552239,TRUE,,2458205,"0,98,104,41,338,334,143,81,50,116,120,121,155,156","334,338,81,116,136,140,121,88,41,86,99,103,117,36,51,50,98,123,124,65,137,100,82,120,143,66,83,122,67,68,69,70,71,85,0,1,11,12,13,14,2,23,24,25,26,27,37,38,39,40,52,53,54,55,104,118,84,87,141,138,101,119,142,139,102,155,156",,,
28 Mar 2018,2458206,24.56947296,0,,,0.006043181378,15,0.002751958572,71,0.2112676056,TRUE,,2458206,"0,104,41,338,334,143,50,180,181,182,183,120,121,155,156","334,338,81,116,136,140,121,88,41,86,99,103,117,36,51,50,98,123,124,65,137,100,82,120,143,66,83,122,67,68,69,70,71,85,0,1,11,12,13,14,2,23,24,25,26,27,37,38,39,40,52,53,54,55,104,118,84,87,141,138,101,119,142,139,102,180,181,182,155,156,183",,,
29 Mar 2018,2458207,24.63518138,0,,,0.006893441697,13,0.002435991904,71,0.1830985915,TRUE,,2458207,"0,104,41,338,334,50,180,181,182,183,116,155,156","334,338,81,116,136,140,121,88,41,86,99,103,117,36,51,50,98,123,124,65,137,100,82,120,143,66,83,122,67,68,69,70,71,85,0,1,11,12,13,14,2,23,24,25,26,27,37,38,39,40,52,53,54,55,104,118,84,87,141,138,101,119,142,139,102,180,181,182,155,156,183",,,
30 Mar 2018,2458208,24.7008898,0,,,0.00604950519,13,0.001878677425,71,0.1830985915,TRUE,,2458208,"104,41,338,334,81,50,181,182,183,155,156","334,338,81,116,136,140,121,88,41,86,99,103,117,36,51,50,98,123,124,65,137,100,82,120,143,66,83,122,67,68,69,70,71,85,0,1,11,12,13,14,2,23,24,25,26,27,37,38,39,40,52,53,54,55,104,118,84,87,141,138,101,119,142,139,102,180,181,182,155,156,183",,,
31 Mar 2018,2458209,0.7665982204,0,,,,,,,,,,,,,,,
1 Apr 2018,2458210,0.8323066393,,Stopped observing!,,,,,,,,,,,,,,